run_id,config_name,split_protocol,model,evaluation_split,seed,metric,value
20260822T222040Z-ifnd_random_stratified_v1_s13-bf4a171b,ifnd_random_stratified_v1_s13,random_stratified,majority,validation,13,n,8253.0
20260822T222040Z-ifnd_random_stratified_v1_s13-bf4a171b,ifnd_random_stratified_v1_s13,random_stratified,majority,validation,13,accuracy,0.6772082878953108
20260822T222040Z-ifnd_random_stratified_v1_s13-bf4a171b,ifnd_random_stratified_v1_s13,random_stratified,majority,validation,13,balanced_accuracy,0.5
20260822T222040Z-ifnd_random_stratified_v1_s13-bf4a171b,ifnd_random_stratified_v1_s13,random_stratified,majority,validation,13,macro_precision,0.3386041439476554
20260822T222040Z-ifnd_random_stratified_v1_s13-bf4a171b,ifnd_random_stratified_v1_s13,random_stratified,majority,validation,13,macro_recall,0.5
20260822T222040Z-ifnd_random_stratified_v1_s13-bf4a171b,ifnd_random_stratified_v1_s13,random_stratified,majority,validation,13,macro_f1,0.40377113133940185
20260822T222040Z-ifnd_random_stratified_v1_s13-bf4a171b,ifnd_random_stratified_v1_s13,random_stratified,majority,validation,13,weighted_f1,0.546874313111818
20260822T222040Z-ifnd_random_stratified_v1_s13-bf4a171b,ifnd_random_stratified_v1_s13,random_stratified,majority,validation,13,brier_score,0.21859722298221668
20260822T222040Z-ifnd_random_stratified_v1_s13-bf4a171b,ifnd_random_stratified_v1_s13,random_stratified,majority,validation,13,log_loss,0.6289558912627606
20260822T222040Z-ifnd_random_stratified_v1_s13-bf4a171b,ifnd_random_stratified_v1_s13,random_stratified,majority,validation,13,ece_10,1.6763175742950942e-05
20260822T222040Z-ifnd_random_stratified_v1_s13-bf4a171b,ifnd_random_stratified_v1_s13,random_stratified,majority,validation,13,true_negatives,0.0
20260822T222040Z-ifnd_random_stratified_v1_s13-bf4a171b,ifnd_random_stratified_v1_s13,random_stratified,majority,validation,13,false_positives,2664.0
20260822T222040Z-ifnd_random_stratified_v1_s13-bf4a171b,ifnd_random_stratified_v1_s13,random_stratified,majority,validation,13,false_negatives,0.0
20260822T222040Z-ifnd_random_stratified_v1_s13-bf4a171b,ifnd_random_stratified_v1_s13,random_stratified,majority,validation,13,true_positives,5589.0
20260822T222040Z-ifnd_random_stratified_v1_s13-bf4a171b,ifnd_random_stratified_v1_s13,random_stratified,majority,test,13,n,8253.0
20260822T222040Z-ifnd_random_stratified_v1_s13-bf4a171b,ifnd_random_stratified_v1_s13,random_stratified,majority,test,13,accuracy,0.6772082878953108
20260822T222040Z-ifnd_random_stratified_v1_s13-bf4a171b,ifnd_random_stratified_v1_s13,random_stratified,majority,test,13,balanced_accuracy,0.5
20260822T222040Z-ifnd_random_stratified_v1_s13-bf4a171b,ifnd_random_stratified_v1_s13,random_stratified,majority,test,13,macro_precision,0.3386041439476554
20260822T222040Z-ifnd_random_stratified_v1_s13-bf4a171b,ifnd_random_stratified_v1_s13,random_stratified,majority,test,13,macro_recall,0.5
20260822T222040Z-ifnd_random_stratified_v1_s13-bf4a171b,ifnd_random_stratified_v1_s13,random_stratified,majority,test,13,macro_f1,0.40377113133940185
20260822T222040Z-ifnd_random_stratified_v1_s13-bf4a171b,ifnd_random_stratified_v1_s13,random_stratified,majority,test,13,weighted_f1,0.546874313111818
20260822T222040Z-ifnd_random_stratified_v1_s13-bf4a171b,ifnd_random_stratified_v1_s13,random_stratified,majority,test,13,brier_score,0.21859722298221668
20260822T222040Z-ifnd_random_stratified_v1_s13-bf4a171b,ifnd_random_stratified_v1_s13,random_stratified,majority,test,13,log_loss,0.6289558912627606
20260822T222040Z-ifnd_random_stratified_v1_s13-bf4a171b,ifnd_random_stratified_v1_s13,random_stratified,majority,test,13,ece_10,1.6763175742950942e-05
20260822T222040Z-ifnd_random_stratified_v1_s13-bf4a171b,ifnd_random_stratified_v1_s13,random_stratified,majority,test,13,true_negatives,0.0
20260822T222040Z-ifnd_random_stratified_v1_s13-bf4a171b,ifnd_random_stratified_v1_s13,random_stratified,majority,test,13,false_positives,2664.0
20260822T222040Z-ifnd_random_stratified_v1_s13-bf4a171b,ifnd_random_stratified_v1_s13,random_stratified,majority,test,13,false_negatives,0.0
20260822T222040Z-ifnd_random_stratified_v1_s13-bf4a171b,ifnd_random_stratified_v1_s13,random_stratified,majority,test,13,true_positives,5589.0
20260822T222040Z-ifnd_random_stratified_v1_s13-bf4a171b,ifnd_random_stratified_v1_s13,random_stratified,source_only_logreg,validation,13,n,8253.0
20260822T222040Z-ifnd_random_stratified_v1_s13-bf4a171b,ifnd_random_stratified_v1_s13,random_stratified,source_only_logreg,validation,13,accuracy,0.9875196898097661
20260822T222040Z-ifnd_random_stratified_v1_s13-bf4a171b,ifnd_random_stratified_v1_s13,random_stratified,source_only_logreg,validation,13,balanced_accuracy,0.9874457791124458
20260822T222040Z-ifnd_random_stratified_v1_s13-bf4a171b,ifnd_random_stratified_v1_s13,random_stratified,source_only_logreg,validation,13,macro_precision,0.984156630918532
20260822T222040Z-ifnd_random_stratified_v1_s13-bf4a171b,ifnd_random_stratified_v1_s13,random_stratified,source_only_logreg,validation,13,macro_recall,0.9874457791124458
20260822T222040Z-ifnd_random_stratified_v1_s13-bf4a171b,ifnd_random_stratified_v1_s13,random_stratified,source_only_logreg,validation,13,macro_f1,0.9857754301466557
20260822T222040Z-ifnd_random_stratified_v1_s13-bf4a171b,ifnd_random_stratified_v1_s13,random_stratified,source_only_logreg,validation,13,weighted_f1,0.9875408140617415
20260822T222040Z-ifnd_random_stratified_v1_s13-bf4a171b,ifnd_random_stratified_v1_s13,random_stratified,source_only_logreg,validation,13,brier_score,0.011797930106429612
20260822T222040Z-ifnd_random_stratified_v1_s13-bf4a171b,ifnd_random_stratified_v1_s13,random_stratified,source_only_logreg,validation,13,log_loss,0.05081546770234892
20260822T222040Z-ifnd_random_stratified_v1_s13-bf4a171b,ifnd_random_stratified_v1_s13,random_stratified,source_only_logreg,validation,13,ece_10,0.009464167135367331
20260822T222040Z-ifnd_random_stratified_v1_s13-bf4a171b,ifnd_random_stratified_v1_s13,random_stratified,source_only_logreg,validation,13,true_negatives,2630.0
20260822T222040Z-ifnd_random_stratified_v1_s13-bf4a171b,ifnd_random_stratified_v1_s13,random_stratified,source_only_logreg,validation,13,false_positives,34.0
20260822T222040Z-ifnd_random_stratified_v1_s13-bf4a171b,ifnd_random_stratified_v1_s13,random_stratified,source_only_logreg,validation,13,false_negatives,69.0
20260822T222040Z-ifnd_random_stratified_v1_s13-bf4a171b,ifnd_random_stratified_v1_s13,random_stratified,source_only_logreg,validation,13,true_positives,5520.0
20260822T222040Z-ifnd_random_stratified_v1_s13-bf4a171b,ifnd_random_stratified_v1_s13,random_stratified,source_only_logreg,test,13,n,8253.0
20260822T222040Z-ifnd_random_stratified_v1_s13-bf4a171b,ifnd_random_stratified_v1_s13,random_stratified,source_only_logreg,test,13,accuracy,0.9857021689082758
20260822T222040Z-ifnd_random_stratified_v1_s13-bf4a171b,ifnd_random_stratified_v1_s13,random_stratified,source_only_logreg,test,13,balanced_accuracy,0.9855145000072536
20260822T222040Z-ifnd_random_stratified_v1_s13-bf4a171b,ifnd_random_stratified_v1_s13,random_stratified,source_only_logreg,test,13,macro_precision,0.9819632928016517
20260822T222040Z-ifnd_random_stratified_v1_s13-bf4a171b,ifnd_random_stratified_v1_s13,random_stratified,source_only_logreg,test,13,macro_recall,0.9855145000072536
20260822T222040Z-ifnd_random_stratified_v1_s13-bf4a171b,ifnd_random_stratified_v1_s13,random_stratified,source_only_logreg,test,13,macro_f1,0.9837086155198869
20260822T222040Z-ifnd_random_stratified_v1_s13-bf4a171b,ifnd_random_stratified_v1_s13,random_stratified,source_only_logreg,test,13,weighted_f1,0.9857284089598028
20260822T222040Z-ifnd_random_stratified_v1_s13-bf4a171b,ifnd_random_stratified_v1_s13,random_stratified,source_only_logreg,test,13,brier_score,0.013518042704803718
20260822T222040Z-ifnd_random_stratified_v1_s13-bf4a171b,ifnd_random_stratified_v1_s13,random_stratified,source_only_logreg,test,13,log_loss,0.05710838753235714
20260822T222040Z-ifnd_random_stratified_v1_s13-bf4a171b,ifnd_random_stratified_v1_s13,random_stratified,source_only_logreg,test,13,ece_10,0.010428531460225956
20260822T222040Z-ifnd_random_stratified_v1_s13-bf4a171b,ifnd_random_stratified_v1_s13,random_stratified,source_only_logreg,test,13,true_negatives,2624.0
20260822T222040Z-ifnd_random_stratified_v1_s13-bf4a171b,ifnd_random_stratified_v1_s13,random_stratified,source_only_logreg,test,13,false_positives,40.0
20260822T222040Z-ifnd_random_stratified_v1_s13-bf4a171b,ifnd_random_stratified_v1_s13,random_stratified,source_only_logreg,test,13,false_negatives,78.0
20260822T222040Z-ifnd_random_stratified_v1_s13-bf4a171b,ifnd_random_stratified_v1_s13,random_stratified,source_only_logreg,test,13,true_positives,5511.0
20260822T222040Z-ifnd_random_stratified_v1_s13-bf4a171b,ifnd_random_stratified_v1_s13,random_stratified,tfidf_logreg,validation,13,n,8253.0
20260822T222040Z-ifnd_random_stratified_v1_s13-bf4a171b,ifnd_random_stratified_v1_s13,random_stratified,tfidf_logreg,validation,13,accuracy,0.9634072458499939
20260822T222040Z-ifnd_random_stratified_v1_s13-bf4a171b,ifnd_random_stratified_v1_s13,random_stratified,tfidf_logreg,validation,13,balanced_accuracy,0.9520604541739808
20260822T222040Z-ifnd_random_stratified_v1_s13-bf4a171b,ifnd_random_stratified_v1_s13,random_stratified,tfidf_logreg,validation,13,macro_precision,0.9638386205793942
20260822T222040Z-ifnd_random_stratified_v1_s13-bf4a171b,ifnd_random_stratified_v1_s13,random_stratified,tfidf_logreg,validation,13,macro_recall,0.9520604541739808
20260822T222040Z-ifnd_random_stratified_v1_s13-bf4a171b,ifnd_random_stratified_v1_s13,random_stratified,tfidf_logreg,validation,13,macro_f1,0.957623391396379
20260822T222040Z-ifnd_random_stratified_v1_s13-bf4a171b,ifnd_random_stratified_v1_s13,random_stratified,tfidf_logreg,validation,13,weighted_f1,0.963172021857784
20260822T222040Z-ifnd_random_stratified_v1_s13-bf4a171b,ifnd_random_stratified_v1_s13,random_stratified,tfidf_logreg,validation,13,brier_score,0.03289974834633179
20260822T222040Z-ifnd_random_stratified_v1_s13-bf4a171b,ifnd_random_stratified_v1_s13,random_stratified,tfidf_logreg,validation,13,log_loss,0.14310804900723115
20260822T222040Z-ifnd_random_stratified_v1_s13-bf4a171b,ifnd_random_stratified_v1_s13,random_stratified,tfidf_logreg,validation,13,ece_10,0.06588716430413194
20260822T222040Z-ifnd_random_stratified_v1_s13-bf4a171b,ifnd_random_stratified_v1_s13,random_stratified,tfidf_logreg,validation,13,true_negatives,2451.0
20260822T222040Z-ifnd_random_stratified_v1_s13-bf4a171b,ifnd_random_stratified_v1_s13,random_stratified,tfidf_logreg,validation,13,false_positives,213.0
20260822T222040Z-ifnd_random_stratified_v1_s13-bf4a171b,ifnd_random_stratified_v1_s13,random_stratified,tfidf_logreg,validation,13,false_negatives,89.0
20260822T222040Z-ifnd_random_stratified_v1_s13-bf4a171b,ifnd_random_stratified_v1_s13,random_stratified,tfidf_logreg,validation,13,true_positives,5500.0
20260822T222040Z-ifnd_random_stratified_v1_s13-bf4a171b,ifnd_random_stratified_v1_s13,random_stratified,tfidf_logreg,test,13,n,8253.0
20260822T222040Z-ifnd_random_stratified_v1_s13-bf4a171b,ifnd_random_stratified_v1_s13,random_stratified,tfidf_logreg,test,13,accuracy,0.9661941112322792
20260822T222040Z-ifnd_random_stratified_v1_s13-bf4a171b,ifnd_random_stratified_v1_s13,random_stratified,tfidf_logreg,test,13,balanced_accuracy,0.9567701759730746
20260822T222040Z-ifnd_random_stratified_v1_s13-bf4a171b,ifnd_random_stratified_v1_s13,random_stratified,tfidf_logreg,test,13,macro_precision,0.9655461760346189
20260822T222040Z-ifnd_random_stratified_v1_s13-bf4a171b,ifnd_random_stratified_v1_s13,random_stratified,tfidf_logreg,test,13,macro_recall,0.9567701759730746
20260822T222040Z-ifnd_random_stratified_v1_s13-bf4a171b,ifnd_random_stratified_v1_s13,random_stratified,tfidf_logreg,test,13,macro_f1,0.9609755390701444
20260822T222040Z-ifnd_random_stratified_v1_s13-bf4a171b,ifnd_random_stratified_v1_s13,random_stratified,tfidf_logreg,test,13,weighted_f1,0.9660333003604837
20260822T222040Z-ifnd_random_stratified_v1_s13-bf4a171b,ifnd_random_stratified_v1_s13,random_stratified,tfidf_logreg,test,13,brier_score,0.0328981495221175
20260822T222040Z-ifnd_random_stratified_v1_s13-bf4a171b,ifnd_random_stratified_v1_s13,random_stratified,tfidf_logreg,test,13,log_loss,0.1439184344156173
20260822T222040Z-ifnd_random_stratified_v1_s13-bf4a171b,ifnd_random_stratified_v1_s13,random_stratified,tfidf_logreg,test,13,ece_10,0.06522152747386405
20260822T222040Z-ifnd_random_stratified_v1_s13-bf4a171b,ifnd_random_stratified_v1_s13,random_stratified,tfidf_logreg,test,13,true_negatives,2478.0
20260822T222040Z-ifnd_random_stratified_v1_s13-bf4a171b,ifnd_random_stratified_v1_s13,random_stratified,tfidf_logreg,test,13,false_positives,186.0
20260822T222040Z-ifnd_random_stratified_v1_s13-bf4a171b,ifnd_random_stratified_v1_s13,random_stratified,tfidf_logreg,test,13,false_negatives,93.0
20260822T222040Z-ifnd_random_stratified_v1_s13-bf4a171b,ifnd_random_stratified_v1_s13,random_stratified,tfidf_logreg,test,13,true_positives,5496.0
20260822T222049Z-ifnd_source_disjoint_v1_s13-ec376912,ifnd_source_disjoint_v1_s13,source_disjoint,majority,validation,13,n,6328.0
20260822T222049Z-ifnd_source_disjoint_v1_s13-ec376912,ifnd_source_disjoint_v1_s13,source_disjoint,majority,validation,13,accuracy,0.674936788874842
20260822T222049Z-ifnd_source_disjoint_v1_s13-ec376912,ifnd_source_disjoint_v1_s13,source_disjoint,majority,validation,13,balanced_accuracy,0.5
20260822T222049Z-ifnd_source_disjoint_v1_s13-ec376912,ifnd_source_disjoint_v1_s13,source_disjoint,majority,validation,13,macro_precision,0.337468394437421
20260822T222049Z-ifnd_source_disjoint_v1_s13-ec376912,ifnd_source_disjoint_v1_s13,source_disjoint,majority,validation,13,macro_recall,0.5
20260822T222049Z-ifnd_source_disjoint_v1_s13-ec376912,ifnd_source_disjoint_v1_s13,source_disjoint,majority,validation,13,macro_f1,0.4029625436361921
20260822T222049Z-ifnd_source_disjoint_v1_s13-ec376912,ifnd_source_disjoint_v1_s13,source_disjoint,majority,validation,13,weighted_f1,0.5439484904772998
20260822T222049Z-ifnd_source_disjoint_v1_s13-ec376912,ifnd_source_disjoint_v1_s13,source_disjoint,majority,validation,13,brier_score,0.21940145898144492
20260822T222049Z-ifnd_source_disjoint_v1_s13-ec376912,ifnd_source_disjoint_v1_s13,source_disjoint,majority,validation,13,log_loss,0.6306371302046918
20260822T222049Z-ifnd_source_disjoint_v1_s13-ec376912,ifnd_source_disjoint_v1_s13,source_disjoint,majority,validation,13,ece_10,0.0020830466355595822
20260822T222049Z-ifnd_source_disjoint_v1_s13-ec376912,ifnd_source_disjoint_v1_s13,source_disjoint,majority,validation,13,true_negatives,0.0
20260822T222049Z-ifnd_source_disjoint_v1_s13-ec376912,ifnd_source_disjoint_v1_s13,source_disjoint,majority,validation,13,false_positives,2057.0
20260822T222049Z-ifnd_source_disjoint_v1_s13-ec376912,ifnd_source_disjoint_v1_s13,source_disjoint,majority,validation,13,false_negatives,0.0
20260822T222049Z-ifnd_source_disjoint_v1_s13-ec376912,ifnd_source_disjoint_v1_s13,source_disjoint,majority,validation,13,true_positives,4271.0
20260822T222049Z-ifnd_source_disjoint_v1_s13-ec376912,ifnd_source_disjoint_v1_s13,source_disjoint,majority,test,13,n,7350.0
20260822T222049Z-ifnd_source_disjoint_v1_s13-ec376912,ifnd_source_disjoint_v1_s13,source_disjoint,majority,test,13,accuracy,0.6801360544217687
20260822T222049Z-ifnd_source_disjoint_v1_s13-ec376912,ifnd_source_disjoint_v1_s13,source_disjoint,majority,test,13,balanced_accuracy,0.5
20260822T222049Z-ifnd_source_disjoint_v1_s13-ec376912,ifnd_source_disjoint_v1_s13,source_disjoint,majority,test,13,macro_precision,0.34006802721088436
20260822T222049Z-ifnd_source_disjoint_v1_s13-ec376912,ifnd_source_disjoint_v1_s13,source_disjoint,majority,test,13,macro_recall,0.5
20260822T222049Z-ifnd_source_disjoint_v1_s13-ec376912,ifnd_source_disjoint_v1_s13,source_disjoint,majority,test,13,macro_f1,0.40481010608146406
20260822T222049Z-ifnd_source_disjoint_v1_s13-ec376912,ifnd_source_disjoint_v1_s13,source_disjoint,majority,test,13,weighted_f1,0.5506518966806092
20260822T222049Z-ifnd_source_disjoint_v1_s13-ec376912,ifnd_source_disjoint_v1_s13,source_disjoint,majority,test,13,brier_score,0.2175607127176612
20260822T222049Z-ifnd_source_disjoint_v1_s13-ec376912,ifnd_source_disjoint_v1_s13,source_disjoint,majority,test,13,log_loss,0.6267891035457811
20260822T222049Z-ifnd_source_disjoint_v1_s13-ec376912,ifnd_source_disjoint_v1_s13,source_disjoint,majority,test,13,ece_10,0.0031162189113670413
20260822T222049Z-ifnd_source_disjoint_v1_s13-ec376912,ifnd_source_disjoint_v1_s13,source_disjoint,majority,test,13,true_negatives,0.0
20260822T222049Z-ifnd_source_disjoint_v1_s13-ec376912,ifnd_source_disjoint_v1_s13,source_disjoint,majority,test,13,false_positives,2351.0
20260822T222049Z-ifnd_source_disjoint_v1_s13-ec376912,ifnd_source_disjoint_v1_s13,source_disjoint,majority,test,13,false_negatives,0.0
20260822T222049Z-ifnd_source_disjoint_v1_s13-ec376912,ifnd_source_disjoint_v1_s13,source_disjoint,majority,test,13,true_positives,4999.0
20260822T222049Z-ifnd_source_disjoint_v1_s13-ec376912,ifnd_source_disjoint_v1_s13,source_disjoint,source_only_logreg,validation,13,n,6328.0
20260822T222049Z-ifnd_source_disjoint_v1_s13-ec376912,ifnd_source_disjoint_v1_s13,source_disjoint,source_only_logreg,validation,13,accuracy,0.325063211125158
20260822T222049Z-ifnd_source_disjoint_v1_s13-ec376912,ifnd_source_disjoint_v1_s13,source_disjoint,source_only_logreg,validation,13,balanced_accuracy,0.5
20260822T222049Z-ifnd_source_disjoint_v1_s13-ec376912,ifnd_source_disjoint_v1_s13,source_disjoint,source_only_logreg,validation,13,macro_precision,0.162531605562579
20260822T222049Z-ifnd_source_disjoint_v1_s13-ec376912,ifnd_source_disjoint_v1_s13,source_disjoint,source_only_logreg,validation,13,macro_recall,0.5
20260822T222049Z-ifnd_source_disjoint_v1_s13-ec376912,ifnd_source_disjoint_v1_s13,source_disjoint,source_only_logreg,validation,13,macro_f1,0.2453190220632081
20260822T222049Z-ifnd_source_disjoint_v1_s13-ec376912,ifnd_source_disjoint_v1_s13,source_disjoint,source_only_logreg,validation,13,weighted_f1,0.15948837812389982
20260822T222049Z-ifnd_source_disjoint_v1_s13-ec376912,ifnd_source_disjoint_v1_s13,source_disjoint,source_only_logreg,validation,13,brier_score,0.3187544435335973
20260822T222049Z-ifnd_source_disjoint_v1_s13-ec376912,ifnd_source_disjoint_v1_s13,source_disjoint,source_only_logreg,validation,13,log_loss,0.8349951665536011
20260822T222049Z-ifnd_source_disjoint_v1_s13-ec376912,ifnd_source_disjoint_v1_s13,source_disjoint,source_only_logreg,validation,13,ece_10,0.31520996753820846
20260822T222049Z-ifnd_source_disjoint_v1_s13-ec376912,ifnd_source_disjoint_v1_s13,source_disjoint,source_only_logreg,validation,13,true_negatives,2057.0
20260822T222049Z-ifnd_source_disjoint_v1_s13-ec376912,ifnd_source_disjoint_v1_s13,source_disjoint,source_only_logreg,validation,13,false_positives,0.0
20260822T222049Z-ifnd_source_disjoint_v1_s13-ec376912,ifnd_source_disjoint_v1_s13,source_disjoint,source_only_logreg,validation,13,false_negatives,4271.0
20260822T222049Z-ifnd_source_disjoint_v1_s13-ec376912,ifnd_source_disjoint_v1_s13,source_disjoint,source_only_logreg,validation,13,true_positives,0.0
20260822T222049Z-ifnd_source_disjoint_v1_s13-ec376912,ifnd_source_disjoint_v1_s13,source_disjoint,source_only_logreg,test,13,n,7350.0
20260822T222049Z-ifnd_source_disjoint_v1_s13-ec376912,ifnd_source_disjoint_v1_s13,source_disjoint,source_only_logreg,test,13,accuracy,0.3198639455782313
20260822T222049Z-ifnd_source_disjoint_v1_s13-ec376912,ifnd_source_disjoint_v1_s13,source_disjoint,source_only_logreg,test,13,balanced_accuracy,0.5
20260822T222049Z-ifnd_source_disjoint_v1_s13-ec376912,ifnd_source_disjoint_v1_s13,source_disjoint,source_only_logreg,test,13,macro_precision,0.15993197278911564
20260822T222049Z-ifnd_source_disjoint_v1_s13-ec376912,ifnd_source_disjoint_v1_s13,source_disjoint,source_only_logreg,test,13,macro_recall,0.5
20260822T222049Z-ifnd_source_disjoint_v1_s13-ec376912,ifnd_source_disjoint_v1_s13,source_disjoint,source_only_logreg,test,13,macro_f1,0.24234614988145553
20260822T222049Z-ifnd_source_disjoint_v1_s13-ec376912,ifnd_source_disjoint_v1_s13,source_disjoint,source_only_logreg,test,13,weighted_f1,0.15503559139355155
20260822T222049Z-ifnd_source_disjoint_v1_s13-ec376912,ifnd_source_disjoint_v1_s13,source_disjoint,source_only_logreg,test,13,brier_score,0.32021307854356196
20260822T222049Z-ifnd_source_disjoint_v1_s13-ec376912,ifnd_source_disjoint_v1_s13,source_disjoint,source_only_logreg,test,13,log_loss,0.8379928031731637
20260822T222049Z-ifnd_source_disjoint_v1_s13-ec376912,ifnd_source_disjoint_v1_s13,source_disjoint,source_only_logreg,test,13,ece_10,0.32040923308513514
20260822T222049Z-ifnd_source_disjoint_v1_s13-ec376912,ifnd_source_disjoint_v1_s13,source_disjoint,source_only_logreg,test,13,true_negatives,2351.0
20260822T222049Z-ifnd_source_disjoint_v1_s13-ec376912,ifnd_source_disjoint_v1_s13,source_disjoint,source_only_logreg,test,13,false_positives,0.0
20260822T222049Z-ifnd_source_disjoint_v1_s13-ec376912,ifnd_source_disjoint_v1_s13,source_disjoint,source_only_logreg,test,13,false_negatives,4999.0
20260822T222049Z-ifnd_source_disjoint_v1_s13-ec376912,ifnd_source_disjoint_v1_s13,source_disjoint,source_only_logreg,test,13,true_positives,0.0
20260822T222049Z-ifnd_source_disjoint_v1_s13-ec376912,ifnd_source_disjoint_v1_s13,source_disjoint,tfidf_logreg,validation,13,n,6328.0
20260822T222049Z-ifnd_source_disjoint_v1_s13-ec376912,ifnd_source_disjoint_v1_s13,source_disjoint,tfidf_logreg,validation,13,accuracy,0.9639696586599241
20260822T222049Z-ifnd_source_disjoint_v1_s13-ec376912,ifnd_source_disjoint_v1_s13,source_disjoint,tfidf_logreg,validation,13,balanced_accuracy,0.9533997530233806
20260822T222049Z-ifnd_source_disjoint_v1_s13-ec376912,ifnd_source_disjoint_v1_s13,source_disjoint,tfidf_logreg,validation,13,macro_precision,0.9641010566277881
20260822T222049Z-ifnd_source_disjoint_v1_s13-ec376912,ifnd_source_disjoint_v1_s13,source_disjoint,tfidf_logreg,validation,13,macro_recall,0.9533997530233806
20260822T222049Z-ifnd_source_disjoint_v1_s13-ec376912,ifnd_source_disjoint_v1_s13,source_disjoint,tfidf_logreg,validation,13,macro_f1,0.9584743201634336
20260822T222049Z-ifnd_source_disjoint_v1_s13-ec376912,ifnd_source_disjoint_v1_s13,source_disjoint,tfidf_logreg,validation,13,weighted_f1,0.9637595849033249
20260822T222049Z-ifnd_source_disjoint_v1_s13-ec376912,ifnd_source_disjoint_v1_s13,source_disjoint,tfidf_logreg,validation,13,brier_score,0.03576693416792254
20260822T222049Z-ifnd_source_disjoint_v1_s13-ec376912,ifnd_source_disjoint_v1_s13,source_disjoint,tfidf_logreg,validation,13,log_loss,0.1530634738010018
20260822T222049Z-ifnd_source_disjoint_v1_s13-ec376912,ifnd_source_disjoint_v1_s13,source_disjoint,tfidf_logreg,validation,13,ece_10,0.06840650233640724
20260822T222049Z-ifnd_source_disjoint_v1_s13-ec376912,ifnd_source_disjoint_v1_s13,source_disjoint,tfidf_logreg,validation,13,true_negatives,1899.0
20260822T222049Z-ifnd_source_disjoint_v1_s13-ec376912,ifnd_source_disjoint_v1_s13,source_disjoint,tfidf_logreg,validation,13,false_positives,158.0
20260822T222049Z-ifnd_source_disjoint_v1_s13-ec376912,ifnd_source_disjoint_v1_s13,source_disjoint,tfidf_logreg,validation,13,false_negatives,70.0
20260822T222049Z-ifnd_source_disjoint_v1_s13-ec376912,ifnd_source_disjoint_v1_s13,source_disjoint,tfidf_logreg,validation,13,true_positives,4201.0
20260822T222049Z-ifnd_source_disjoint_v1_s13-ec376912,ifnd_source_disjoint_v1_s13,source_disjoint,tfidf_logreg,test,13,n,7350.0
20260822T222049Z-ifnd_source_disjoint_v1_s13-ec376912,ifnd_source_disjoint_v1_s13,source_disjoint,tfidf_logreg,test,13,accuracy,0.9602721088435374
20260822T222049Z-ifnd_source_disjoint_v1_s13-ec376912,ifnd_source_disjoint_v1_s13,source_disjoint,tfidf_logreg,test,13,balanced_accuracy,0.9576134708013487
20260822T222049Z-ifnd_source_disjoint_v1_s13-ec376912,ifnd_source_disjoint_v1_s13,source_disjoint,tfidf_logreg,test,13,macro_precision,0.9518381660757587
20260822T222049Z-ifnd_source_disjoint_v1_s13-ec376912,ifnd_source_disjoint_v1_s13,source_disjoint,tfidf_logreg,test,13,macro_recall,0.9576134708013487
20260822T222049Z-ifnd_source_disjoint_v1_s13-ec376912,ifnd_source_disjoint_v1_s13,source_disjoint,tfidf_logreg,test,13,macro_f1,0.9546396023198012
20260822T222049Z-ifnd_source_disjoint_v1_s13-ec376912,ifnd_source_disjoint_v1_s13,source_disjoint,tfidf_logreg,test,13,weighted_f1,0.9603982421942621
20260822T222049Z-ifnd_source_disjoint_v1_s13-ec376912,ifnd_source_disjoint_v1_s13,source_disjoint,tfidf_logreg,test,13,brier_score,0.037851668625932075
20260822T222049Z-ifnd_source_disjoint_v1_s13-ec376912,ifnd_source_disjoint_v1_s13,source_disjoint,tfidf_logreg,test,13,log_loss,0.15711947574044244
20260822T222049Z-ifnd_source_disjoint_v1_s13-ec376912,ifnd_source_disjoint_v1_s13,source_disjoint,tfidf_logreg,test,13,ece_10,0.07692147378262199
20260822T222049Z-ifnd_source_disjoint_v1_s13-ec376912,ifnd_source_disjoint_v1_s13,source_disjoint,tfidf_logreg,test,13,true_negatives,2234.0
20260822T222049Z-ifnd_source_disjoint_v1_s13-ec376912,ifnd_source_disjoint_v1_s13,source_disjoint,tfidf_logreg,test,13,false_positives,117.0
20260822T222049Z-ifnd_source_disjoint_v1_s13-ec376912,ifnd_source_disjoint_v1_s13,source_disjoint,tfidf_logreg,test,13,false_negatives,175.0
20260822T222049Z-ifnd_source_disjoint_v1_s13-ec376912,ifnd_source_disjoint_v1_s13,source_disjoint,tfidf_logreg,test,13,true_positives,4824.0
20260822T222208Z-ifnd_random_stratified_v1_s42-54c7009b,ifnd_random_stratified_v1_s42,random_stratified,majority,validation,42,n,8253.0
20260822T222208Z-ifnd_random_stratified_v1_s42-54c7009b,ifnd_random_stratified_v1_s42,random_stratified,majority,validation,42,accuracy,0.6772082878953108
20260822T222208Z-ifnd_random_stratified_v1_s42-54c7009b,ifnd_random_stratified_v1_s42,random_stratified,majority,validation,42,balanced_accuracy,0.5
20260822T222208Z-ifnd_random_stratified_v1_s42-54c7009b,ifnd_random_stratified_v1_s42,random_stratified,majority,validation,42,macro_precision,0.3386041439476554
20260822T222208Z-ifnd_random_stratified_v1_s42-54c7009b,ifnd_random_stratified_v1_s42,random_stratified,majority,validation,42,macro_recall,0.5
20260822T222208Z-ifnd_random_stratified_v1_s42-54c7009b,ifnd_random_stratified_v1_s42,random_stratified,majority,validation,42,macro_f1,0.40377113133940185
20260822T222208Z-ifnd_random_stratified_v1_s42-54c7009b,ifnd_random_stratified_v1_s42,random_stratified,majority,validation,42,weighted_f1,0.546874313111818
20260822T222208Z-ifnd_random_stratified_v1_s42-54c7009b,ifnd_random_stratified_v1_s42,random_stratified,majority,validation,42,brier_score,0.21859722298221668
20260822T222208Z-ifnd_random_stratified_v1_s42-54c7009b,ifnd_random_stratified_v1_s42,random_stratified,majority,validation,42,log_loss,0.6289558912627606
20260822T222208Z-ifnd_random_stratified_v1_s42-54c7009b,ifnd_random_stratified_v1_s42,random_stratified,majority,validation,42,ece_10,1.6763175742950942e-05
20260822T222208Z-ifnd_random_stratified_v1_s42-54c7009b,ifnd_random_stratified_v1_s42,random_stratified,majority,validation,42,true_negatives,0.0
20260822T222208Z-ifnd_random_stratified_v1_s42-54c7009b,ifnd_random_stratified_v1_s42,random_stratified,majority,validation,42,false_positives,2664.0
20260822T222208Z-ifnd_random_stratified_v1_s42-54c7009b,ifnd_random_stratified_v1_s42,random_stratified,majority,validation,42,false_negatives,0.0
20260822T222208Z-ifnd_random_stratified_v1_s42-54c7009b,ifnd_random_stratified_v1_s42,random_stratified,majority,validation,42,true_positives,5589.0
20260822T222208Z-ifnd_random_stratified_v1_s42-54c7009b,ifnd_random_stratified_v1_s42,random_stratified,majority,test,42,n,8253.0
20260822T222208Z-ifnd_random_stratified_v1_s42-54c7009b,ifnd_random_stratified_v1_s42,random_stratified,majority,test,42,accuracy,0.6772082878953108
20260822T222208Z-ifnd_random_stratified_v1_s42-54c7009b,ifnd_random_stratified_v1_s42,random_stratified,majority,test,42,balanced_accuracy,0.5
20260822T222208Z-ifnd_random_stratified_v1_s42-54c7009b,ifnd_random_stratified_v1_s42,random_stratified,majority,test,42,macro_precision,0.3386041439476554
20260822T222208Z-ifnd_random_stratified_v1_s42-54c7009b,ifnd_random_stratified_v1_s42,random_stratified,majority,test,42,macro_recall,0.5
20260822T222208Z-ifnd_random_stratified_v1_s42-54c7009b,ifnd_random_stratified_v1_s42,random_stratified,majority,test,42,macro_f1,0.40377113133940185
20260822T222208Z-ifnd_random_stratified_v1_s42-54c7009b,ifnd_random_stratified_v1_s42,random_stratified,majority,test,42,weighted_f1,0.546874313111818
20260822T222208Z-ifnd_random_stratified_v1_s42-54c7009b,ifnd_random_stratified_v1_s42,random_stratified,majority,test,42,brier_score,0.21859722298221668
20260822T222208Z-ifnd_random_stratified_v1_s42-54c7009b,ifnd_random_stratified_v1_s42,random_stratified,majority,test,42,log_loss,0.6289558912627606
20260822T222208Z-ifnd_random_stratified_v1_s42-54c7009b,ifnd_random_stratified_v1_s42,random_stratified,majority,test,42,ece_10,1.6763175742950942e-05
20260822T222208Z-ifnd_random_stratified_v1_s42-54c7009b,ifnd_random_stratified_v1_s42,random_stratified,majority,test,42,true_negatives,0.0
20260822T222208Z-ifnd_random_stratified_v1_s42-54c7009b,ifnd_random_stratified_v1_s42,random_stratified,majority,test,42,false_positives,2664.0
20260822T222208Z-ifnd_random_stratified_v1_s42-54c7009b,ifnd_random_stratified_v1_s42,random_stratified,majority,test,42,false_negatives,0.0
20260822T222208Z-ifnd_random_stratified_v1_s42-54c7009b,ifnd_random_stratified_v1_s42,random_stratified,majority,test,42,true_positives,5589.0
20260822T222208Z-ifnd_random_stratified_v1_s42-54c7009b,ifnd_random_stratified_v1_s42,random_stratified,source_only_logreg,validation,42,n,8253.0
20260822T222208Z-ifnd_random_stratified_v1_s42-54c7009b,ifnd_random_stratified_v1_s42,random_stratified,source_only_logreg,validation,42,accuracy,0.9886102023506603
20260822T222208Z-ifnd_random_stratified_v1_s42-54c7009b,ifnd_random_stratified_v1_s42,random_stratified,source_only_logreg,validation,42,balanced_accuracy,0.9886438370737888
20260822T222208Z-ifnd_random_stratified_v1_s42-54c7009b,ifnd_random_stratified_v1_s42,random_stratified,source_only_logreg,validation,42,macro_precision,0.9854390924637312
20260822T222208Z-ifnd_random_stratified_v1_s42-54c7009b,ifnd_random_stratified_v1_s42,random_stratified,source_only_logreg,validation,42,macro_recall,0.9886438370737888
20260822T222208Z-ifnd_random_stratified_v1_s42-54c7009b,ifnd_random_stratified_v1_s42,random_stratified,source_only_logreg,validation,42,macro_f1,0.9870170977978292
20260822T222208Z-ifnd_random_stratified_v1_s42-54c7009b,ifnd_random_stratified_v1_s42,random_stratified,source_only_logreg,validation,42,weighted_f1,0.9886289382741458
20260822T222208Z-ifnd_random_stratified_v1_s42-54c7009b,ifnd_random_stratified_v1_s42,random_stratified,source_only_logreg,validation,42,brier_score,0.010921069730003622
20260822T222208Z-ifnd_random_stratified_v1_s42-54c7009b,ifnd_random_stratified_v1_s42,random_stratified,source_only_logreg,validation,42,log_loss,0.048677043371179014
20260822T222208Z-ifnd_random_stratified_v1_s42-54c7009b,ifnd_random_stratified_v1_s42,random_stratified,source_only_logreg,validation,42,ece_10,0.009619241175541693
20260822T222208Z-ifnd_random_stratified_v1_s42-54c7009b,ifnd_random_stratified_v1_s42,random_stratified,source_only_logreg,validation,42,true_negatives,2634.0
20260822T222208Z-ifnd_random_stratified_v1_s42-54c7009b,ifnd_random_stratified_v1_s42,random_stratified,source_only_logreg,validation,42,false_positives,30.0
20260822T222208Z-ifnd_random_stratified_v1_s42-54c7009b,ifnd_random_stratified_v1_s42,random_stratified,source_only_logreg,validation,42,false_negatives,64.0
20260822T222208Z-ifnd_random_stratified_v1_s42-54c7009b,ifnd_random_stratified_v1_s42,random_stratified,source_only_logreg,validation,42,true_positives,5525.0
20260822T222208Z-ifnd_random_stratified_v1_s42-54c7009b,ifnd_random_stratified_v1_s42,random_stratified,source_only_logreg,test,42,n,8253.0
20260822T222208Z-ifnd_random_stratified_v1_s42-54c7009b,ifnd_random_stratified_v1_s42,random_stratified,source_only_logreg,test,42,accuracy,0.9864291772688719
20260822T222208Z-ifnd_random_stratified_v1_s42-54c7009b,ifnd_random_stratified_v1_s42,random_stratified,source_only_logreg,test,42,balanced_accuracy,0.9871317573612259
20260822T222208Z-ifnd_random_stratified_v1_s42-54c7009b,ifnd_random_stratified_v1_s42,random_stratified,source_only_logreg,test,42,macro_precision,0.9821117272982884
20260822T222208Z-ifnd_random_stratified_v1_s42-54c7009b,ifnd_random_stratified_v1_s42,random_stratified,source_only_logreg,test,42,macro_recall,0.9871317573612259
20260822T222208Z-ifnd_random_stratified_v1_s42-54c7009b,ifnd_random_stratified_v1_s42,random_stratified,source_only_logreg,test,42,macro_f1,0.984560785742719
20260822T222208Z-ifnd_random_stratified_v1_s42-54c7009b,ifnd_random_stratified_v1_s42,random_stratified,source_only_logreg,test,42,weighted_f1,0.9864643194292384
20260822T222208Z-ifnd_random_stratified_v1_s42-54c7009b,ifnd_random_stratified_v1_s42,random_stratified,source_only_logreg,test,42,brier_score,0.012874853496490672
20260822T222208Z-ifnd_random_stratified_v1_s42-54c7009b,ifnd_random_stratified_v1_s42,random_stratified,source_only_logreg,test,42,log_loss,0.05512392962850391
20260822T222208Z-ifnd_random_stratified_v1_s42-54c7009b,ifnd_random_stratified_v1_s42,random_stratified,source_only_logreg,test,42,ece_10,0.012628907671321792
20260822T222208Z-ifnd_random_stratified_v1_s42-54c7009b,ifnd_random_stratified_v1_s42,random_stratified,source_only_logreg,test,42,true_negatives,2635.0
20260822T222208Z-ifnd_random_stratified_v1_s42-54c7009b,ifnd_random_stratified_v1_s42,random_stratified,source_only_logreg,test,42,false_positives,29.0
20260822T222208Z-ifnd_random_stratified_v1_s42-54c7009b,ifnd_random_stratified_v1_s42,random_stratified,source_only_logreg,test,42,false_negatives,83.0
20260822T222208Z-ifnd_random_stratified_v1_s42-54c7009b,ifnd_random_stratified_v1_s42,random_stratified,source_only_logreg,test,42,true_positives,5506.0
20260822T222208Z-ifnd_random_stratified_v1_s42-54c7009b,ifnd_random_stratified_v1_s42,random_stratified,tfidf_logreg,validation,42,n,8253.0
20260822T222208Z-ifnd_random_stratified_v1_s42-54c7009b,ifnd_random_stratified_v1_s42,random_stratified,tfidf_logreg,validation,42,accuracy,0.9669211195928753
20260822T222208Z-ifnd_random_stratified_v1_s42-54c7009b,ifnd_random_stratified_v1_s42,random_stratified,tfidf_logreg,validation,42,balanced_accuracy,0.9564229084156621
20260822T222208Z-ifnd_random_stratified_v1_s42-54c7009b,ifnd_random_stratified_v1_s42,random_stratified,tfidf_logreg,validation,42,macro_precision,0.9676005915290953
20260822T222208Z-ifnd_random_stratified_v1_s42-54c7009b,ifnd_random_stratified_v1_s42,random_stratified,tfidf_logreg,validation,42,macro_recall,0.9564229084156621
20260822T222208Z-ifnd_random_stratified_v1_s42-54c7009b,ifnd_random_stratified_v1_s42,random_stratified,tfidf_logreg,validation,42,macro_f1,0.9617204182693521
20260822T222208Z-ifnd_random_stratified_v1_s42-54c7009b,ifnd_random_stratified_v1_s42,random_stratified,tfidf_logreg,validation,42,weighted_f1,0.9667210926188936
20260822T222208Z-ifnd_random_stratified_v1_s42-54c7009b,ifnd_random_stratified_v1_s42,random_stratified,tfidf_logreg,validation,42,brier_score,0.032402795561177714
20260822T222208Z-ifnd_random_stratified_v1_s42-54c7009b,ifnd_random_stratified_v1_s42,random_stratified,tfidf_logreg,validation,42,log_loss,0.14173387326480397
20260822T222208Z-ifnd_random_stratified_v1_s42-54c7009b,ifnd_random_stratified_v1_s42,random_stratified,tfidf_logreg,validation,42,ece_10,0.06603135859663942
20260822T222208Z-ifnd_random_stratified_v1_s42-54c7009b,ifnd_random_stratified_v1_s42,random_stratified,tfidf_logreg,validation,42,true_negatives,2469.0
20260822T222208Z-ifnd_random_stratified_v1_s42-54c7009b,ifnd_random_stratified_v1_s42,random_stratified,tfidf_logreg,validation,42,false_positives,195.0
20260822T222208Z-ifnd_random_stratified_v1_s42-54c7009b,ifnd_random_stratified_v1_s42,random_stratified,tfidf_logreg,validation,42,false_negatives,78.0
20260822T222208Z-ifnd_random_stratified_v1_s42-54c7009b,ifnd_random_stratified_v1_s42,random_stratified,tfidf_logreg,validation,42,true_positives,5511.0
20260822T222208Z-ifnd_random_stratified_v1_s42-54c7009b,ifnd_random_stratified_v1_s42,random_stratified,tfidf_logreg,test,42,n,8253.0
20260822T222208Z-ifnd_random_stratified_v1_s42-54c7009b,ifnd_random_stratified_v1_s42,random_stratified,tfidf_logreg,test,42,accuracy,0.9647400945110869
20260822T222208Z-ifnd_random_stratified_v1_s42-54c7009b,ifnd_random_stratified_v1_s42,random_stratified,tfidf_logreg,test,42,balanced_accuracy,0.9528480775461452
20260822T222208Z-ifnd_random_stratified_v1_s42-54c7009b,ifnd_random_stratified_v1_s42,random_stratified,tfidf_logreg,test,42,macro_precision,0.9661830369489464
20260822T222208Z-ifnd_random_stratified_v1_s42-54c7009b,ifnd_random_stratified_v1_s42,random_stratified,tfidf_logreg,test,42,macro_recall,0.9528480775461452
20260822T222208Z-ifnd_random_stratified_v1_s42-54c7009b,ifnd_random_stratified_v1_s42,random_stratified,tfidf_logreg,test,42,macro_f1,0.9591031510451287
20260822T222208Z-ifnd_random_stratified_v1_s42-54c7009b,ifnd_random_stratified_v1_s42,random_stratified,tfidf_logreg,test,42,weighted_f1,0.9644843715535908
20260822T222208Z-ifnd_random_stratified_v1_s42-54c7009b,ifnd_random_stratified_v1_s42,random_stratified,tfidf_logreg,test,42,brier_score,0.034300982754539786
20260822T222208Z-ifnd_random_stratified_v1_s42-54c7009b,ifnd_random_stratified_v1_s42,random_stratified,tfidf_logreg,test,42,log_loss,0.14666678527522176
20260822T222208Z-ifnd_random_stratified_v1_s42-54c7009b,ifnd_random_stratified_v1_s42,random_stratified,tfidf_logreg,test,42,ece_10,0.0612376201655602
20260822T222208Z-ifnd_random_stratified_v1_s42-54c7009b,ifnd_random_stratified_v1_s42,random_stratified,tfidf_logreg,test,42,true_negatives,2449.0
20260822T222208Z-ifnd_random_stratified_v1_s42-54c7009b,ifnd_random_stratified_v1_s42,random_stratified,tfidf_logreg,test,42,false_positives,215.0
20260822T222208Z-ifnd_random_stratified_v1_s42-54c7009b,ifnd_random_stratified_v1_s42,random_stratified,tfidf_logreg,test,42,false_negatives,76.0
20260822T222208Z-ifnd_random_stratified_v1_s42-54c7009b,ifnd_random_stratified_v1_s42,random_stratified,tfidf_logreg,test,42,true_positives,5513.0
20260822T222217Z-ifnd_source_disjoint_v1_s42-ec9d8de2,ifnd_source_disjoint_v1_s42,source_disjoint,majority,validation,42,n,6241.0
20260822T222217Z-ifnd_source_disjoint_v1_s42-ec9d8de2,ifnd_source_disjoint_v1_s42,source_disjoint,majority,validation,42,accuracy,0.6720076910751482
20260822T222217Z-ifnd_source_disjoint_v1_s42-ec9d8de2,ifnd_source_disjoint_v1_s42,source_disjoint,majority,validation,42,balanced_accuracy,0.5
20260822T222217Z-ifnd_source_disjoint_v1_s42-ec9d8de2,ifnd_source_disjoint_v1_s42,source_disjoint,majority,validation,42,macro_precision,0.3360038455375741
20260822T222217Z-ifnd_source_disjoint_v1_s42-ec9d8de2,ifnd_source_disjoint_v1_s42,source_disjoint,majority,validation,42,macro_recall,0.5
20260822T222217Z-ifnd_source_disjoint_v1_s42-ec9d8de2,ifnd_source_disjoint_v1_s42,source_disjoint,majority,validation,42,macro_f1,0.401916626736943
20260822T222217Z-ifnd_source_disjoint_v1_s42-ec9d8de2,ifnd_source_disjoint_v1_s42,source_disjoint,majority,validation,42,weighted_f1,0.5401821286764105
20260822T222217Z-ifnd_source_disjoint_v1_s42-ec9d8de2,ifnd_source_disjoint_v1_s42,source_disjoint,majority,validation,42,brier_score,0.22047151949230379
20260822T222217Z-ifnd_source_disjoint_v1_s42-ec9d8de2,ifnd_source_disjoint_v1_s42,source_disjoint,majority,validation,42,log_loss,0.6328807142526995
20260822T222217Z-ifnd_source_disjoint_v1_s42-ec9d8de2,ifnd_source_disjoint_v1_s42,source_disjoint,majority,validation,42,ece_10,0.007626616635666217
20260822T222217Z-ifnd_source_disjoint_v1_s42-ec9d8de2,ifnd_source_disjoint_v1_s42,source_disjoint,majority,validation,42,true_negatives,0.0
20260822T222217Z-ifnd_source_disjoint_v1_s42-ec9d8de2,ifnd_source_disjoint_v1_s42,source_disjoint,majority,validation,42,false_positives,2047.0
20260822T222217Z-ifnd_source_disjoint_v1_s42-ec9d8de2,ifnd_source_disjoint_v1_s42,source_disjoint,majority,validation,42,false_negatives,0.0
20260822T222217Z-ifnd_source_disjoint_v1_s42-ec9d8de2,ifnd_source_disjoint_v1_s42,source_disjoint,majority,validation,42,true_positives,4194.0
20260822T222217Z-ifnd_source_disjoint_v1_s42-ec9d8de2,ifnd_source_disjoint_v1_s42,source_disjoint,majority,test,42,n,7212.0
20260822T222217Z-ifnd_source_disjoint_v1_s42-ec9d8de2,ifnd_source_disjoint_v1_s42,source_disjoint,majority,test,42,accuracy,0.6676372712146422
20260822T222217Z-ifnd_source_disjoint_v1_s42-ec9d8de2,ifnd_source_disjoint_v1_s42,source_disjoint,majority,test,42,balanced_accuracy,0.5
20260822T222217Z-ifnd_source_disjoint_v1_s42-ec9d8de2,ifnd_source_disjoint_v1_s42,source_disjoint,majority,test,42,macro_precision,0.3338186356073211
20260822T222217Z-ifnd_source_disjoint_v1_s42-ec9d8de2,ifnd_source_disjoint_v1_s42,source_disjoint,majority,test,42,macro_recall,0.5
20260822T222217Z-ifnd_source_disjoint_v1_s42-ec9d8de2,ifnd_source_disjoint_v1_s42,source_disjoint,majority,test,42,macro_f1,0.4003492142678972
20260822T222217Z-ifnd_source_disjoint_v1_s42-ec9d8de2,ifnd_source_disjoint_v1_s42,source_disjoint,majority,test,42,weighted_f1,0.53457611389349
20260822T222217Z-ifnd_source_disjoint_v1_s42-ec9d8de2,ifnd_source_disjoint_v1_s42,source_disjoint,majority,test,42,brier_score,0.2220416741843989
20260822T222217Z-ifnd_source_disjoint_v1_s42-ec9d8de2,ifnd_source_disjoint_v1_s42,source_disjoint,majority,test,42,log_loss,0.6361676709258482
20260822T222217Z-ifnd_source_disjoint_v1_s42-ec9d8de2,ifnd_source_disjoint_v1_s42,source_disjoint,majority,test,42,ece_10,0.011997036496172231
20260822T222217Z-ifnd_source_disjoint_v1_s42-ec9d8de2,ifnd_source_disjoint_v1_s42,source_disjoint,majority,test,42,true_negatives,0.0
20260822T222217Z-ifnd_source_disjoint_v1_s42-ec9d8de2,ifnd_source_disjoint_v1_s42,source_disjoint,majority,test,42,false_positives,2397.0
20260822T222217Z-ifnd_source_disjoint_v1_s42-ec9d8de2,ifnd_source_disjoint_v1_s42,source_disjoint,majority,test,42,false_negatives,0.0
20260822T222217Z-ifnd_source_disjoint_v1_s42-ec9d8de2,ifnd_source_disjoint_v1_s42,source_disjoint,majority,test,42,true_positives,4815.0
20260822T222217Z-ifnd_source_disjoint_v1_s42-ec9d8de2,ifnd_source_disjoint_v1_s42,source_disjoint,source_only_logreg,validation,42,n,6241.0
20260822T222217Z-ifnd_source_disjoint_v1_s42-ec9d8de2,ifnd_source_disjoint_v1_s42,source_disjoint,source_only_logreg,validation,42,accuracy,0.32799230892485176
20260822T222217Z-ifnd_source_disjoint_v1_s42-ec9d8de2,ifnd_source_disjoint_v1_s42,source_disjoint,source_only_logreg,validation,42,balanced_accuracy,0.5
20260822T222217Z-ifnd_source_disjoint_v1_s42-ec9d8de2,ifnd_source_disjoint_v1_s42,source_disjoint,source_only_logreg,validation,42,macro_precision,0.16399615446242588
20260822T222217Z-ifnd_source_disjoint_v1_s42-ec9d8de2,ifnd_source_disjoint_v1_s42,source_disjoint,source_only_logreg,validation,42,macro_recall,0.5
20260822T222217Z-ifnd_source_disjoint_v1_s42-ec9d8de2,ifnd_source_disjoint_v1_s42,source_disjoint,source_only_logreg,validation,42,macro_f1,0.24698359073359075
20260822T222217Z-ifnd_source_disjoint_v1_s42-ec9d8de2,ifnd_source_disjoint_v1_s42,source_disjoint,source_only_logreg,validation,42,weighted_f1,0.1620174363825221
20260822T222217Z-ifnd_source_disjoint_v1_s42-ec9d8de2,ifnd_source_disjoint_v1_s42,source_disjoint,source_only_logreg,validation,42,brier_score,0.2827581260539297
20260822T222217Z-ifnd_source_disjoint_v1_s42-ec9d8de2,ifnd_source_disjoint_v1_s42,source_disjoint,source_only_logreg,validation,42,log_loss,0.7592478484691729
20260822T222217Z-ifnd_source_disjoint_v1_s42-ec9d8de2,ifnd_source_disjoint_v1_s42,source_disjoint,source_only_logreg,validation,42,ece_10,0.24968935067986647
20260822T222217Z-ifnd_source_disjoint_v1_s42-ec9d8de2,ifnd_source_disjoint_v1_s42,source_disjoint,source_only_logreg,validation,42,true_negatives,2047.0
20260822T222217Z-ifnd_source_disjoint_v1_s42-ec9d8de2,ifnd_source_disjoint_v1_s42,source_disjoint,source_only_logreg,validation,42,false_positives,0.0
20260822T222217Z-ifnd_source_disjoint_v1_s42-ec9d8de2,ifnd_source_disjoint_v1_s42,source_disjoint,source_only_logreg,validation,42,false_negatives,4194.0
20260822T222217Z-ifnd_source_disjoint_v1_s42-ec9d8de2,ifnd_source_disjoint_v1_s42,source_disjoint,source_only_logreg,validation,42,true_positives,0.0
20260822T222217Z-ifnd_source_disjoint_v1_s42-ec9d8de2,ifnd_source_disjoint_v1_s42,source_disjoint,source_only_logreg,test,42,n,7212.0
20260822T222217Z-ifnd_source_disjoint_v1_s42-ec9d8de2,ifnd_source_disjoint_v1_s42,source_disjoint,source_only_logreg,test,42,accuracy,0.3323627287853577
20260822T222217Z-ifnd_source_disjoint_v1_s42-ec9d8de2,ifnd_source_disjoint_v1_s42,source_disjoint,source_only_logreg,test,42,balanced_accuracy,0.5
20260822T222217Z-ifnd_source_disjoint_v1_s42-ec9d8de2,ifnd_source_disjoint_v1_s42,source_disjoint,source_only_logreg,test,42,macro_precision,0.16618136439267886
20260822T222217Z-ifnd_source_disjoint_v1_s42-ec9d8de2,ifnd_source_disjoint_v1_s42,source_disjoint,source_only_logreg,test,42,macro_recall,0.5
20260822T222217Z-ifnd_source_disjoint_v1_s42-ec9d8de2,ifnd_source_disjoint_v1_s42,source_disjoint,source_only_logreg,test,42,macro_f1,0.24945363721511082
20260822T222217Z-ifnd_source_disjoint_v1_s42-ec9d8de2,ifnd_source_disjoint_v1_s42,source_disjoint,source_only_logreg,test,42,weighted_f1,0.16581818314049382
20260822T222217Z-ifnd_source_disjoint_v1_s42-ec9d8de2,ifnd_source_disjoint_v1_s42,source_disjoint,source_only_logreg,test,42,brier_score,0.28207912311806255
20260822T222217Z-ifnd_source_disjoint_v1_s42-ec9d8de2,ifnd_source_disjoint_v1_s42,source_disjoint,source_only_logreg,test,42,log_loss,0.7578787551664331
20260822T222217Z-ifnd_source_disjoint_v1_s42-ec9d8de2,ifnd_source_disjoint_v1_s42,source_disjoint,source_only_logreg,test,42,ece_10,0.24531893081936046
20260822T222217Z-ifnd_source_disjoint_v1_s42-ec9d8de2,ifnd_source_disjoint_v1_s42,source_disjoint,source_only_logreg,test,42,true_negatives,2397.0
20260822T222217Z-ifnd_source_disjoint_v1_s42-ec9d8de2,ifnd_source_disjoint_v1_s42,source_disjoint,source_only_logreg,test,42,false_positives,0.0
20260822T222217Z-ifnd_source_disjoint_v1_s42-ec9d8de2,ifnd_source_disjoint_v1_s42,source_disjoint,source_only_logreg,test,42,false_negatives,4815.0
20260822T222217Z-ifnd_source_disjoint_v1_s42-ec9d8de2,ifnd_source_disjoint_v1_s42,source_disjoint,source_only_logreg,test,42,true_positives,0.0
20260822T222217Z-ifnd_source_disjoint_v1_s42-ec9d8de2,ifnd_source_disjoint_v1_s42,source_disjoint,tfidf_logreg,validation,42,n,6241.0
20260822T222217Z-ifnd_source_disjoint_v1_s42-ec9d8de2,ifnd_source_disjoint_v1_s42,source_disjoint,tfidf_logreg,validation,42,accuracy,0.9830155423810287
20260822T222217Z-ifnd_source_disjoint_v1_s42-ec9d8de2,ifnd_source_disjoint_v1_s42,source_disjoint,tfidf_logreg,validation,42,balanced_accuracy,0.9816109691212165
20260822T222217Z-ifnd_source_disjoint_v1_s42-ec9d8de2,ifnd_source_disjoint_v1_s42,source_disjoint,tfidf_logreg,validation,42,macro_precision,0.9799415668985882
20260822T222217Z-ifnd_source_disjoint_v1_s42-ec9d8de2,ifnd_source_disjoint_v1_s42,source_disjoint,tfidf_logreg,validation,42,macro_recall,0.9816109691212165
20260822T222217Z-ifnd_source_disjoint_v1_s42-ec9d8de2,ifnd_source_disjoint_v1_s42,source_disjoint,tfidf_logreg,validation,42,macro_f1,0.9807692307692308
20260822T222217Z-ifnd_source_disjoint_v1_s42-ec9d8de2,ifnd_source_disjoint_v1_s42,source_disjoint,tfidf_logreg,validation,42,weighted_f1,0.9830302861046879
20260822T222217Z-ifnd_source_disjoint_v1_s42-ec9d8de2,ifnd_source_disjoint_v1_s42,source_disjoint,tfidf_logreg,validation,42,brier_score,0.02235429523961486
20260822T222217Z-ifnd_source_disjoint_v1_s42-ec9d8de2,ifnd_source_disjoint_v1_s42,source_disjoint,tfidf_logreg,validation,42,log_loss,0.11513825721122688
20260822T222217Z-ifnd_source_disjoint_v1_s42-ec9d8de2,ifnd_source_disjoint_v1_s42,source_disjoint,tfidf_logreg,validation,42,ece_10,0.07539799416852494
20260822T222217Z-ifnd_source_disjoint_v1_s42-ec9d8de2,ifnd_source_disjoint_v1_s42,source_disjoint,tfidf_logreg,validation,42,true_negatives,2001.0
20260822T222217Z-ifnd_source_disjoint_v1_s42-ec9d8de2,ifnd_source_disjoint_v1_s42,source_disjoint,tfidf_logreg,validation,42,false_positives,46.0
20260822T222217Z-ifnd_source_disjoint_v1_s42-ec9d8de2,ifnd_source_disjoint_v1_s42,source_disjoint,tfidf_logreg,validation,42,false_negatives,60.0
20260822T222217Z-ifnd_source_disjoint_v1_s42-ec9d8de2,ifnd_source_disjoint_v1_s42,source_disjoint,tfidf_logreg,validation,42,true_positives,4134.0
20260822T222217Z-ifnd_source_disjoint_v1_s42-ec9d8de2,ifnd_source_disjoint_v1_s42,source_disjoint,tfidf_logreg,test,42,n,7212.0
20260822T222217Z-ifnd_source_disjoint_v1_s42-ec9d8de2,ifnd_source_disjoint_v1_s42,source_disjoint,tfidf_logreg,test,42,accuracy,0.968801996672213
20260822T222217Z-ifnd_source_disjoint_v1_s42-ec9d8de2,ifnd_source_disjoint_v1_s42,source_disjoint,tfidf_logreg,test,42,balanced_accuracy,0.9634367726012656
20260822T222217Z-ifnd_source_disjoint_v1_s42-ec9d8de2,ifnd_source_disjoint_v1_s42,source_disjoint,tfidf_logreg,test,42,macro_precision,0.966102771634276
20260822T222217Z-ifnd_source_disjoint_v1_s42-ec9d8de2,ifnd_source_disjoint_v1_s42,source_disjoint,tfidf_logreg,test,42,macro_recall,0.9634367726012656
20260822T222217Z-ifnd_source_disjoint_v1_s42-ec9d8de2,ifnd_source_disjoint_v1_s42,source_disjoint,tfidf_logreg,test,42,macro_f1,0.9647506711155504
20260822T222217Z-ifnd_source_disjoint_v1_s42-ec9d8de2,ifnd_source_disjoint_v1_s42,source_disjoint,tfidf_logreg,test,42,weighted_f1,0.9687572581077836
20260822T222217Z-ifnd_source_disjoint_v1_s42-ec9d8de2,ifnd_source_disjoint_v1_s42,source_disjoint,tfidf_logreg,test,42,brier_score,0.03349622172636156
20260822T222217Z-ifnd_source_disjoint_v1_s42-ec9d8de2,ifnd_source_disjoint_v1_s42,source_disjoint,tfidf_logreg,test,42,log_loss,0.14852379237025132
20260822T222217Z-ifnd_source_disjoint_v1_s42-ec9d8de2,ifnd_source_disjoint_v1_s42,source_disjoint,tfidf_logreg,test,42,ece_10,0.07781019188971346
20260822T222217Z-ifnd_source_disjoint_v1_s42-ec9d8de2,ifnd_source_disjoint_v1_s42,source_disjoint,tfidf_logreg,test,42,true_negatives,2271.0
20260822T222217Z-ifnd_source_disjoint_v1_s42-ec9d8de2,ifnd_source_disjoint_v1_s42,source_disjoint,tfidf_logreg,test,42,false_positives,126.0
20260822T222217Z-ifnd_source_disjoint_v1_s42-ec9d8de2,ifnd_source_disjoint_v1_s42,source_disjoint,tfidf_logreg,test,42,false_negatives,99.0
20260822T222217Z-ifnd_source_disjoint_v1_s42-ec9d8de2,ifnd_source_disjoint_v1_s42,source_disjoint,tfidf_logreg,test,42,true_positives,4716.0
20260822T222338Z-ifnd_random_stratified_v1_s87-28b99247,ifnd_random_stratified_v1_s87,random_stratified,majority,validation,87,n,8253.0
20260822T222338Z-ifnd_random_stratified_v1_s87-28b99247,ifnd_random_stratified_v1_s87,random_stratified,majority,validation,87,accuracy,0.6772082878953108
20260822T222338Z-ifnd_random_stratified_v1_s87-28b99247,ifnd_random_stratified_v1_s87,random_stratified,majority,validation,87,balanced_accuracy,0.5
20260822T222338Z-ifnd_random_stratified_v1_s87-28b99247,ifnd_random_stratified_v1_s87,random_stratified,majority,validation,87,macro_precision,0.3386041439476554
20260822T222338Z-ifnd_random_stratified_v1_s87-28b99247,ifnd_random_stratified_v1_s87,random_stratified,majority,validation,87,macro_recall,0.5
20260822T222338Z-ifnd_random_stratified_v1_s87-28b99247,ifnd_random_stratified_v1_s87,random_stratified,majority,validation,87,macro_f1,0.40377113133940185
20260822T222338Z-ifnd_random_stratified_v1_s87-28b99247,ifnd_random_stratified_v1_s87,random_stratified,majority,validation,87,weighted_f1,0.546874313111818
20260822T222338Z-ifnd_random_stratified_v1_s87-28b99247,ifnd_random_stratified_v1_s87,random_stratified,majority,validation,87,brier_score,0.21859722298221668
20260822T222338Z-ifnd_random_stratified_v1_s87-28b99247,ifnd_random_stratified_v1_s87,random_stratified,majority,validation,87,log_loss,0.6289558912627606
20260822T222338Z-ifnd_random_stratified_v1_s87-28b99247,ifnd_random_stratified_v1_s87,random_stratified,majority,validation,87,ece_10,1.6763175742950942e-05
20260822T222338Z-ifnd_random_stratified_v1_s87-28b99247,ifnd_random_stratified_v1_s87,random_stratified,majority,validation,87,true_negatives,0.0
20260822T222338Z-ifnd_random_stratified_v1_s87-28b99247,ifnd_random_stratified_v1_s87,random_stratified,majority,validation,87,false_positives,2664.0
20260822T222338Z-ifnd_random_stratified_v1_s87-28b99247,ifnd_random_stratified_v1_s87,random_stratified,majority,validation,87,false_negatives,0.0
20260822T222338Z-ifnd_random_stratified_v1_s87-28b99247,ifnd_random_stratified_v1_s87,random_stratified,majority,validation,87,true_positives,5589.0
20260822T222338Z-ifnd_random_stratified_v1_s87-28b99247,ifnd_random_stratified_v1_s87,random_stratified,majority,test,87,n,8253.0
20260822T222338Z-ifnd_random_stratified_v1_s87-28b99247,ifnd_random_stratified_v1_s87,random_stratified,majority,test,87,accuracy,0.6772082878953108
20260822T222338Z-ifnd_random_stratified_v1_s87-28b99247,ifnd_random_stratified_v1_s87,random_stratified,majority,test,87,balanced_accuracy,0.5
20260822T222338Z-ifnd_random_stratified_v1_s87-28b99247,ifnd_random_stratified_v1_s87,random_stratified,majority,test,87,macro_precision,0.3386041439476554
20260822T222338Z-ifnd_random_stratified_v1_s87-28b99247,ifnd_random_stratified_v1_s87,random_stratified,majority,test,87,macro_recall,0.5
20260822T222338Z-ifnd_random_stratified_v1_s87-28b99247,ifnd_random_stratified_v1_s87,random_stratified,majority,test,87,macro_f1,0.40377113133940185
20260822T222338Z-ifnd_random_stratified_v1_s87-28b99247,ifnd_random_stratified_v1_s87,random_stratified,majority,test,87,weighted_f1,0.546874313111818
20260822T222338Z-ifnd_random_stratified_v1_s87-28b99247,ifnd_random_stratified_v1_s87,random_stratified,majority,test,87,brier_score,0.21859722298221668
20260822T222338Z-ifnd_random_stratified_v1_s87-28b99247,ifnd_random_stratified_v1_s87,random_stratified,majority,test,87,log_loss,0.6289558912627606
20260822T222338Z-ifnd_random_stratified_v1_s87-28b99247,ifnd_random_stratified_v1_s87,random_stratified,majority,test,87,ece_10,1.6763175742950942e-05
20260822T222338Z-ifnd_random_stratified_v1_s87-28b99247,ifnd_random_stratified_v1_s87,random_stratified,majority,test,87,true_negatives,0.0
20260822T222338Z-ifnd_random_stratified_v1_s87-28b99247,ifnd_random_stratified_v1_s87,random_stratified,majority,test,87,false_positives,2664.0
20260822T222338Z-ifnd_random_stratified_v1_s87-28b99247,ifnd_random_stratified_v1_s87,random_stratified,majority,test,87,false_negatives,0.0
20260822T222338Z-ifnd_random_stratified_v1_s87-28b99247,ifnd_random_stratified_v1_s87,random_stratified,majority,test,87,true_positives,5589.0
20260822T222338Z-ifnd_random_stratified_v1_s87-28b99247,ifnd_random_stratified_v1_s87,random_stratified,source_only_logreg,validation,87,n,8253.0
20260822T222338Z-ifnd_random_stratified_v1_s87-28b99247,ifnd_random_stratified_v1_s87,random_stratified,source_only_logreg,validation,87,accuracy,0.9864291772688719
20260822T222338Z-ifnd_random_stratified_v1_s87-28b99247,ifnd_random_stratified_v1_s87,random_stratified,source_only_logreg,validation,87,balanced_accuracy,0.9856583636776873
20260822T222338Z-ifnd_random_stratified_v1_s87-28b99247,ifnd_random_stratified_v1_s87,random_stratified,source_only_logreg,validation,87,macro_precision,0.983397911051213
20260822T222338Z-ifnd_random_stratified_v1_s87-28b99247,ifnd_random_stratified_v1_s87,random_stratified,source_only_logreg,validation,87,macro_recall,0.9856583636776873
20260822T222338Z-ifnd_random_stratified_v1_s87-28b99247,ifnd_random_stratified_v1_s87,random_stratified,source_only_logreg,validation,87,macro_f1,0.9845160014183816
20260822T222338Z-ifnd_random_stratified_v1_s87-28b99247,ifnd_random_stratified_v1_s87,random_stratified,source_only_logreg,validation,87,weighted_f1,0.9864450049904893
20260822T222338Z-ifnd_random_stratified_v1_s87-28b99247,ifnd_random_stratified_v1_s87,random_stratified,source_only_logreg,validation,87,brier_score,0.012805003425480596
20260822T222338Z-ifnd_random_stratified_v1_s87-28b99247,ifnd_random_stratified_v1_s87,random_stratified,source_only_logreg,validation,87,log_loss,0.05481081377442246
20260822T222338Z-ifnd_random_stratified_v1_s87-28b99247,ifnd_random_stratified_v1_s87,random_stratified,source_only_logreg,validation,87,ece_10,0.00902585828517096
20260822T222338Z-ifnd_random_stratified_v1_s87-28b99247,ifnd_random_stratified_v1_s87,random_stratified,source_only_logreg,validation,87,true_negatives,2620.0
20260822T222338Z-ifnd_random_stratified_v1_s87-28b99247,ifnd_random_stratified_v1_s87,random_stratified,source_only_logreg,validation,87,false_positives,44.0
20260822T222338Z-ifnd_random_stratified_v1_s87-28b99247,ifnd_random_stratified_v1_s87,random_stratified,source_only_logreg,validation,87,false_negatives,68.0
20260822T222338Z-ifnd_random_stratified_v1_s87-28b99247,ifnd_random_stratified_v1_s87,random_stratified,source_only_logreg,validation,87,true_positives,5521.0
20260822T222338Z-ifnd_random_stratified_v1_s87-28b99247,ifnd_random_stratified_v1_s87,random_stratified,source_only_logreg,test,87,n,8253.0
20260822T222338Z-ifnd_random_stratified_v1_s87-28b99247,ifnd_random_stratified_v1_s87,random_stratified,source_only_logreg,test,87,accuracy,0.9889737065309584
20260822T222338Z-ifnd_random_stratified_v1_s87-28b99247,ifnd_random_stratified_v1_s87,random_stratified,source_only_logreg,test,87,balanced_accuracy,0.9889122214001441
20260822T222338Z-ifnd_random_stratified_v1_s87-28b99247,ifnd_random_stratified_v1_s87,random_stratified,source_only_logreg,test,87,macro_precision,0.9859839333031128
20260822T222338Z-ifnd_random_stratified_v1_s87-28b99247,ifnd_random_stratified_v1_s87,random_stratified,source_only_logreg,test,87,macro_recall,0.9889122214001441
20260822T222338Z-ifnd_random_stratified_v1_s87-28b99247,ifnd_random_stratified_v1_s87,random_stratified,source_only_logreg,test,87,macro_f1,0.9874277942666906
20260822T222338Z-ifnd_random_stratified_v1_s87-28b99247,ifnd_random_stratified_v1_s87,random_stratified,source_only_logreg,test,87,weighted_f1,0.988990266061087
20260822T222338Z-ifnd_random_stratified_v1_s87-28b99247,ifnd_random_stratified_v1_s87,random_stratified,source_only_logreg,test,87,brier_score,0.01060170131500264
20260822T222338Z-ifnd_random_stratified_v1_s87-28b99247,ifnd_random_stratified_v1_s87,random_stratified,source_only_logreg,test,87,log_loss,0.04769862395486158
20260822T222338Z-ifnd_random_stratified_v1_s87-28b99247,ifnd_random_stratified_v1_s87,random_stratified,source_only_logreg,test,87,ece_10,0.008750604145267217
20260822T222338Z-ifnd_random_stratified_v1_s87-28b99247,ifnd_random_stratified_v1_s87,random_stratified,source_only_logreg,test,87,true_negatives,2634.0
20260822T222338Z-ifnd_random_stratified_v1_s87-28b99247,ifnd_random_stratified_v1_s87,random_stratified,source_only_logreg,test,87,false_positives,30.0
20260822T222338Z-ifnd_random_stratified_v1_s87-28b99247,ifnd_random_stratified_v1_s87,random_stratified,source_only_logreg,test,87,false_negatives,61.0
20260822T222338Z-ifnd_random_stratified_v1_s87-28b99247,ifnd_random_stratified_v1_s87,random_stratified,source_only_logreg,test,87,true_positives,5528.0
20260822T222338Z-ifnd_random_stratified_v1_s87-28b99247,ifnd_random_stratified_v1_s87,random_stratified,tfidf_logreg,validation,87,n,8253.0
20260822T222338Z-ifnd_random_stratified_v1_s87-28b99247,ifnd_random_stratified_v1_s87,random_stratified,tfidf_logreg,validation,87,accuracy,0.9652247667514843
20260822T222338Z-ifnd_random_stratified_v1_s87-28b99247,ifnd_random_stratified_v1_s87,random_stratified,tfidf_logreg,validation,87,balanced_accuracy,0.9539917332791729
20260822T222338Z-ifnd_random_stratified_v1_s87-28b99247,ifnd_random_stratified_v1_s87,random_stratified,tfidf_logreg,validation,87,macro_precision,0.9661262785925752
20260822T222338Z-ifnd_random_stratified_v1_s87-28b99247,ifnd_random_stratified_v1_s87,random_stratified,tfidf_logreg,validation,87,macro_recall,0.9539917332791729
20260822T222338Z-ifnd_random_stratified_v1_s87-28b99247,ifnd_random_stratified_v1_s87,random_stratified,tfidf_logreg,validation,87,macro_f1,0.9597156536341249
20260822T222338Z-ifnd_random_stratified_v1_s87-28b99247,ifnd_random_stratified_v1_s87,random_stratified,tfidf_logreg,validation,87,weighted_f1,0.9649955212187502
20260822T222338Z-ifnd_random_stratified_v1_s87-28b99247,ifnd_random_stratified_v1_s87,random_stratified,tfidf_logreg,validation,87,brier_score,0.03420189006413095
20260822T222338Z-ifnd_random_stratified_v1_s87-28b99247,ifnd_random_stratified_v1_s87,random_stratified,tfidf_logreg,validation,87,log_loss,0.14772667496112724
20260822T222338Z-ifnd_random_stratified_v1_s87-28b99247,ifnd_random_stratified_v1_s87,random_stratified,tfidf_logreg,validation,87,ece_10,0.06388870487468114
20260822T222338Z-ifnd_random_stratified_v1_s87-28b99247,ifnd_random_stratified_v1_s87,random_stratified,tfidf_logreg,validation,87,true_negatives,2457.0
20260822T222338Z-ifnd_random_stratified_v1_s87-28b99247,ifnd_random_stratified_v1_s87,random_stratified,tfidf_logreg,validation,87,false_positives,207.0
20260822T222338Z-ifnd_random_stratified_v1_s87-28b99247,ifnd_random_stratified_v1_s87,random_stratified,tfidf_logreg,validation,87,false_negatives,80.0
20260822T222338Z-ifnd_random_stratified_v1_s87-28b99247,ifnd_random_stratified_v1_s87,random_stratified,tfidf_logreg,validation,87,true_positives,5509.0
20260822T222338Z-ifnd_random_stratified_v1_s87-28b99247,ifnd_random_stratified_v1_s87,random_stratified,tfidf_logreg,test,87,n,8253.0
20260822T222338Z-ifnd_random_stratified_v1_s87-28b99247,ifnd_random_stratified_v1_s87,random_stratified,tfidf_logreg,test,87,accuracy,0.9675269598933721
20260822T222338Z-ifnd_random_stratified_v1_s87-28b99247,ifnd_random_stratified_v1_s87,random_stratified,tfidf_logreg,test,87,balanced_accuracy,0.9577542518363775
20260822T222338Z-ifnd_random_stratified_v1_s87-28b99247,ifnd_random_stratified_v1_s87,random_stratified,tfidf_logreg,test,87,macro_precision,0.9676485239548569
20260822T222338Z-ifnd_random_stratified_v1_s87-28b99247,ifnd_random_stratified_v1_s87,random_stratified,tfidf_logreg,test,87,macro_recall,0.9577542518363775
20260822T222338Z-ifnd_random_stratified_v1_s87-28b99247,ifnd_random_stratified_v1_s87,random_stratified,tfidf_logreg,test,87,macro_f1,0.9624718310184162
20260822T222338Z-ifnd_random_stratified_v1_s87-28b99247,ifnd_random_stratified_v1_s87,random_stratified,tfidf_logreg,test,87,weighted_f1,0.9673533932367213
20260822T222338Z-ifnd_random_stratified_v1_s87-28b99247,ifnd_random_stratified_v1_s87,random_stratified,tfidf_logreg,test,87,brier_score,0.031419483313726224
20260822T222338Z-ifnd_random_stratified_v1_s87-28b99247,ifnd_random_stratified_v1_s87,random_stratified,tfidf_logreg,test,87,log_loss,0.13894496349783736
20260822T222338Z-ifnd_random_stratified_v1_s87-28b99247,ifnd_random_stratified_v1_s87,random_stratified,tfidf_logreg,test,87,ece_10,0.06368902022128611
20260822T222338Z-ifnd_random_stratified_v1_s87-28b99247,ifnd_random_stratified_v1_s87,random_stratified,tfidf_logreg,test,87,true_negatives,2478.0
20260822T222338Z-ifnd_random_stratified_v1_s87-28b99247,ifnd_random_stratified_v1_s87,random_stratified,tfidf_logreg,test,87,false_positives,186.0
20260822T222338Z-ifnd_random_stratified_v1_s87-28b99247,ifnd_random_stratified_v1_s87,random_stratified,tfidf_logreg,test,87,false_negatives,82.0
20260822T222338Z-ifnd_random_stratified_v1_s87-28b99247,ifnd_random_stratified_v1_s87,random_stratified,tfidf_logreg,test,87,true_positives,5507.0
20260822T222346Z-ifnd_source_disjoint_v1_s87-4ff26b15,ifnd_source_disjoint_v1_s87,source_disjoint,majority,validation,87,n,7327.0
20260822T222346Z-ifnd_source_disjoint_v1_s87-4ff26b15,ifnd_source_disjoint_v1_s87,source_disjoint,majority,validation,87,accuracy,0.670806605704927
20260822T222346Z-ifnd_source_disjoint_v1_s87-4ff26b15,ifnd_source_disjoint_v1_s87,source_disjoint,majority,validation,87,balanced_accuracy,0.5
20260822T222346Z-ifnd_source_disjoint_v1_s87-4ff26b15,ifnd_source_disjoint_v1_s87,source_disjoint,majority,validation,87,macro_precision,0.3354033028524635
20260822T222346Z-ifnd_source_disjoint_v1_s87-4ff26b15,ifnd_source_disjoint_v1_s87,source_disjoint,majority,validation,87,macro_recall,0.5
20260822T222346Z-ifnd_source_disjoint_v1_s87-4ff26b15,ifnd_source_disjoint_v1_s87,source_disjoint,majority,validation,87,macro_f1,0.4014866851821598
20260822T222346Z-ifnd_source_disjoint_v1_s87-4ff26b15,ifnd_source_disjoint_v1_s87,source_disjoint,majority,validation,87,weighted_f1,0.5386398410455344
20260822T222346Z-ifnd_source_disjoint_v1_s87-4ff26b15,ifnd_source_disjoint_v1_s87,source_disjoint,majority,validation,87,brier_score,0.22088065989736622
20260822T222346Z-ifnd_source_disjoint_v1_s87-4ff26b15,ifnd_source_disjoint_v1_s87,source_disjoint,majority,validation,87,log_loss,0.6337327221070898
20260822T222346Z-ifnd_source_disjoint_v1_s87-4ff26b15,ifnd_source_disjoint_v1_s87,source_disjoint,majority,validation,87,ece_10,0.007453619912806575
20260822T222346Z-ifnd_source_disjoint_v1_s87-4ff26b15,ifnd_source_disjoint_v1_s87,source_disjoint,majority,validation,87,true_negatives,0.0
20260822T222346Z-ifnd_source_disjoint_v1_s87-4ff26b15,ifnd_source_disjoint_v1_s87,source_disjoint,majority,validation,87,false_positives,2412.0
20260822T222346Z-ifnd_source_disjoint_v1_s87-4ff26b15,ifnd_source_disjoint_v1_s87,source_disjoint,majority,validation,87,false_negatives,0.0
20260822T222346Z-ifnd_source_disjoint_v1_s87-4ff26b15,ifnd_source_disjoint_v1_s87,source_disjoint,majority,validation,87,true_positives,4915.0
20260822T222346Z-ifnd_source_disjoint_v1_s87-4ff26b15,ifnd_source_disjoint_v1_s87,source_disjoint,majority,test,87,n,7180.0
20260822T222346Z-ifnd_source_disjoint_v1_s87-4ff26b15,ifnd_source_disjoint_v1_s87,source_disjoint,majority,test,87,accuracy,0.6777158774373259
20260822T222346Z-ifnd_source_disjoint_v1_s87-4ff26b15,ifnd_source_disjoint_v1_s87,source_disjoint,majority,test,87,balanced_accuracy,0.5
20260822T222346Z-ifnd_source_disjoint_v1_s87-4ff26b15,ifnd_source_disjoint_v1_s87,source_disjoint,majority,test,87,macro_precision,0.33885793871866293
20260822T222346Z-ifnd_source_disjoint_v1_s87-4ff26b15,ifnd_source_disjoint_v1_s87,source_disjoint,majority,test,87,macro_recall,0.5
20260822T222346Z-ifnd_source_disjoint_v1_s87-4ff26b15,ifnd_source_disjoint_v1_s87,source_disjoint,majority,test,87,macro_f1,0.40395151917649014
20260822T222346Z-ifnd_source_disjoint_v1_s87-4ff26b15,ifnd_source_disjoint_v1_s87,source_disjoint,majority,test,87,weighted_f1,0.5475287165216716
20260822T222346Z-ifnd_source_disjoint_v1_s87-4ff26b15,ifnd_source_disjoint_v1_s87,source_disjoint,majority,test,87,brier_score,0.2184173632216229
20260822T222346Z-ifnd_source_disjoint_v1_s87-4ff26b15,ifnd_source_disjoint_v1_s87,source_disjoint,majority,test,87,log_loss,0.6285798704147352
20260822T222346Z-ifnd_source_disjoint_v1_s87-4ff26b15,ifnd_source_disjoint_v1_s87,source_disjoint,majority,test,87,ece_10,0.0005443481804077166
20260822T222346Z-ifnd_source_disjoint_v1_s87-4ff26b15,ifnd_source_disjoint_v1_s87,source_disjoint,majority,test,87,true_negatives,0.0
20260822T222346Z-ifnd_source_disjoint_v1_s87-4ff26b15,ifnd_source_disjoint_v1_s87,source_disjoint,majority,test,87,false_positives,2314.0
20260822T222346Z-ifnd_source_disjoint_v1_s87-4ff26b15,ifnd_source_disjoint_v1_s87,source_disjoint,majority,test,87,false_negatives,0.0
20260822T222346Z-ifnd_source_disjoint_v1_s87-4ff26b15,ifnd_source_disjoint_v1_s87,source_disjoint,majority,test,87,true_positives,4866.0
20260822T222346Z-ifnd_source_disjoint_v1_s87-4ff26b15,ifnd_source_disjoint_v1_s87,source_disjoint,source_only_logreg,validation,87,n,7327.0
20260822T222346Z-ifnd_source_disjoint_v1_s87-4ff26b15,ifnd_source_disjoint_v1_s87,source_disjoint,source_only_logreg,validation,87,accuracy,0.329193394295073
20260822T222346Z-ifnd_source_disjoint_v1_s87-4ff26b15,ifnd_source_disjoint_v1_s87,source_disjoint,source_only_logreg,validation,87,balanced_accuracy,0.5
20260822T222346Z-ifnd_source_disjoint_v1_s87-4ff26b15,ifnd_source_disjoint_v1_s87,source_disjoint,source_only_logreg,validation,87,macro_precision,0.1645966971475365
20260822T222346Z-ifnd_source_disjoint_v1_s87-4ff26b15,ifnd_source_disjoint_v1_s87,source_disjoint,source_only_logreg,validation,87,macro_recall,0.5
20260822T222346Z-ifnd_source_disjoint_v1_s87-4ff26b15,ifnd_source_disjoint_v1_s87,source_disjoint,source_only_logreg,validation,87,macro_f1,0.24766403121470376
20260822T222346Z-ifnd_source_disjoint_v1_s87-4ff26b15,ifnd_source_disjoint_v1_s87,source_disjoint,source_only_logreg,validation,87,weighted_f1,0.1630587261607385
20260822T222346Z-ifnd_source_disjoint_v1_s87-4ff26b15,ifnd_source_disjoint_v1_s87,source_disjoint,source_only_logreg,validation,87,brier_score,0.3686856967683152
20260822T222346Z-ifnd_source_disjoint_v1_s87-4ff26b15,ifnd_source_disjoint_v1_s87,source_disjoint,source_only_logreg,validation,87,log_loss,0.9500597661431595
20260822T222346Z-ifnd_source_disjoint_v1_s87-4ff26b15,ifnd_source_disjoint_v1_s87,source_disjoint,source_only_logreg,validation,87,ece_10,0.38452645334326974
20260822T222346Z-ifnd_source_disjoint_v1_s87-4ff26b15,ifnd_source_disjoint_v1_s87,source_disjoint,source_only_logreg,validation,87,true_negatives,2412.0
20260822T222346Z-ifnd_source_disjoint_v1_s87-4ff26b15,ifnd_source_disjoint_v1_s87,source_disjoint,source_only_logreg,validation,87,false_positives,0.0
20260822T222346Z-ifnd_source_disjoint_v1_s87-4ff26b15,ifnd_source_disjoint_v1_s87,source_disjoint,source_only_logreg,validation,87,false_negatives,4915.0
20260822T222346Z-ifnd_source_disjoint_v1_s87-4ff26b15,ifnd_source_disjoint_v1_s87,source_disjoint,source_only_logreg,validation,87,true_positives,0.0
20260822T222346Z-ifnd_source_disjoint_v1_s87-4ff26b15,ifnd_source_disjoint_v1_s87,source_disjoint,source_only_logreg,test,87,n,7180.0
20260822T222346Z-ifnd_source_disjoint_v1_s87-4ff26b15,ifnd_source_disjoint_v1_s87,source_disjoint,source_only_logreg,test,87,accuracy,0.3222841225626741
20260822T222346Z-ifnd_source_disjoint_v1_s87-4ff26b15,ifnd_source_disjoint_v1_s87,source_disjoint,source_only_logreg,test,87,balanced_accuracy,0.5
20260822T222346Z-ifnd_source_disjoint_v1_s87-4ff26b15,ifnd_source_disjoint_v1_s87,source_disjoint,source_only_logreg,test,87,macro_precision,0.16114206128133704
20260822T222346Z-ifnd_source_disjoint_v1_s87-4ff26b15,ifnd_source_disjoint_v1_s87,source_disjoint,source_only_logreg,test,87,macro_recall,0.5
20260822T222346Z-ifnd_source_disjoint_v1_s87-4ff26b15,ifnd_source_disjoint_v1_s87,source_disjoint,source_only_logreg,test,87,macro_f1,0.24373288392669054
20260822T222346Z-ifnd_source_disjoint_v1_s87-4ff26b15,ifnd_source_disjoint_v1_s87,source_disjoint,source_only_logreg,test,87,weighted_f1,0.1571024772719671
20260822T222346Z-ifnd_source_disjoint_v1_s87-4ff26b15,ifnd_source_disjoint_v1_s87,source_disjoint,source_only_logreg,test,87,brier_score,0.37163899377219567
20260822T222346Z-ifnd_source_disjoint_v1_s87-4ff26b15,ifnd_source_disjoint_v1_s87,source_disjoint,source_only_logreg,test,87,log_loss,0.9563715214997481
20260822T222346Z-ifnd_source_disjoint_v1_s87-4ff26b15,ifnd_source_disjoint_v1_s87,source_disjoint,source_only_logreg,test,87,ece_10,0.39143572507566865
20260822T222346Z-ifnd_source_disjoint_v1_s87-4ff26b15,ifnd_source_disjoint_v1_s87,source_disjoint,source_only_logreg,test,87,true_negatives,2314.0
20260822T222346Z-ifnd_source_disjoint_v1_s87-4ff26b15,ifnd_source_disjoint_v1_s87,source_disjoint,source_only_logreg,test,87,false_positives,0.0
20260822T222346Z-ifnd_source_disjoint_v1_s87-4ff26b15,ifnd_source_disjoint_v1_s87,source_disjoint,source_only_logreg,test,87,false_negatives,4866.0
20260822T222346Z-ifnd_source_disjoint_v1_s87-4ff26b15,ifnd_source_disjoint_v1_s87,source_disjoint,source_only_logreg,test,87,true_positives,0.0
20260822T222346Z-ifnd_source_disjoint_v1_s87-4ff26b15,ifnd_source_disjoint_v1_s87,source_disjoint,tfidf_logreg,validation,87,n,7327.0
20260822T222346Z-ifnd_source_disjoint_v1_s87-4ff26b15,ifnd_source_disjoint_v1_s87,source_disjoint,tfidf_logreg,validation,87,accuracy,0.968609253446158
20260822T222346Z-ifnd_source_disjoint_v1_s87-4ff26b15,ifnd_source_disjoint_v1_s87,source_disjoint,tfidf_logreg,validation,87,balanced_accuracy,0.9637230092332505
20260822T222346Z-ifnd_source_disjoint_v1_s87-4ff26b15,ifnd_source_disjoint_v1_s87,source_disjoint,tfidf_logreg,validation,87,macro_precision,0.9651054989186736
20260822T222346Z-ifnd_source_disjoint_v1_s87-4ff26b15,ifnd_source_disjoint_v1_s87,source_disjoint,tfidf_logreg,validation,87,macro_recall,0.9637230092332505
20260822T222346Z-ifnd_source_disjoint_v1_s87-4ff26b15,ifnd_source_disjoint_v1_s87,source_disjoint,tfidf_logreg,validation,87,macro_f1,0.9644092331008219
20260822T222346Z-ifnd_source_disjoint_v1_s87-4ff26b15,ifnd_source_disjoint_v1_s87,source_disjoint,tfidf_logreg,validation,87,weighted_f1,0.9685858921887744
20260822T222346Z-ifnd_source_disjoint_v1_s87-4ff26b15,ifnd_source_disjoint_v1_s87,source_disjoint,tfidf_logreg,validation,87,brier_score,0.03364014332949907
20260822T222346Z-ifnd_source_disjoint_v1_s87-4ff26b15,ifnd_source_disjoint_v1_s87,source_disjoint,tfidf_logreg,validation,87,log_loss,0.14866314955182017
20260822T222346Z-ifnd_source_disjoint_v1_s87-4ff26b15,ifnd_source_disjoint_v1_s87,source_disjoint,tfidf_logreg,validation,87,ece_10,0.07735536930265267
20260822T222346Z-ifnd_source_disjoint_v1_s87-4ff26b15,ifnd_source_disjoint_v1_s87,source_disjoint,tfidf_logreg,validation,87,true_negatives,2290.0
20260822T222346Z-ifnd_source_disjoint_v1_s87-4ff26b15,ifnd_source_disjoint_v1_s87,source_disjoint,tfidf_logreg,validation,87,false_positives,122.0
20260822T222346Z-ifnd_source_disjoint_v1_s87-4ff26b15,ifnd_source_disjoint_v1_s87,source_disjoint,tfidf_logreg,validation,87,false_negatives,108.0
20260822T222346Z-ifnd_source_disjoint_v1_s87-4ff26b15,ifnd_source_disjoint_v1_s87,source_disjoint,tfidf_logreg,validation,87,true_positives,4807.0
20260822T222346Z-ifnd_source_disjoint_v1_s87-4ff26b15,ifnd_source_disjoint_v1_s87,source_disjoint,tfidf_logreg,test,87,n,7180.0
20260822T222346Z-ifnd_source_disjoint_v1_s87-4ff26b15,ifnd_source_disjoint_v1_s87,source_disjoint,tfidf_logreg,test,87,accuracy,0.9636490250696379
20260822T222346Z-ifnd_source_disjoint_v1_s87-4ff26b15,ifnd_source_disjoint_v1_s87,source_disjoint,tfidf_logreg,test,87,balanced_accuracy,0.9643421216697378
20260822T222346Z-ifnd_source_disjoint_v1_s87-4ff26b15,ifnd_source_disjoint_v1_s87,source_disjoint,tfidf_logreg,test,87,macro_precision,0.9539828958572819
20260822T222346Z-ifnd_source_disjoint_v1_s87-4ff26b15,ifnd_source_disjoint_v1_s87,source_disjoint,tfidf_logreg,test,87,macro_recall,0.9643421216697378
20260822T222346Z-ifnd_source_disjoint_v1_s87-4ff26b15,ifnd_source_disjoint_v1_s87,source_disjoint,tfidf_logreg,test,87,macro_f1,0.9588720109437612
20260822T222346Z-ifnd_source_disjoint_v1_s87-4ff26b15,ifnd_source_disjoint_v1_s87,source_disjoint,tfidf_logreg,test,87,weighted_f1,0.9638540052425913
20260822T222346Z-ifnd_source_disjoint_v1_s87-4ff26b15,ifnd_source_disjoint_v1_s87,source_disjoint,tfidf_logreg,test,87,brier_score,0.03593650757475816
20260822T222346Z-ifnd_source_disjoint_v1_s87-4ff26b15,ifnd_source_disjoint_v1_s87,source_disjoint,tfidf_logreg,test,87,log_loss,0.15336638966422145
20260822T222346Z-ifnd_source_disjoint_v1_s87-4ff26b15,ifnd_source_disjoint_v1_s87,source_disjoint,tfidf_logreg,test,87,ece_10,0.08479150235156793
20260822T222346Z-ifnd_source_disjoint_v1_s87-4ff26b15,ifnd_source_disjoint_v1_s87,source_disjoint,tfidf_logreg,test,87,true_negatives,2236.0
20260822T222346Z-ifnd_source_disjoint_v1_s87-4ff26b15,ifnd_source_disjoint_v1_s87,source_disjoint,tfidf_logreg,test,87,false_positives,78.0
20260822T222346Z-ifnd_source_disjoint_v1_s87-4ff26b15,ifnd_source_disjoint_v1_s87,source_disjoint,tfidf_logreg,test,87,false_negatives,183.0
20260822T222346Z-ifnd_source_disjoint_v1_s87-4ff26b15,ifnd_source_disjoint_v1_s87,source_disjoint,tfidf_logreg,test,87,true_positives,4683.0
20260822T222510Z-ifnd_neural_random_stratified_v1_s13-355702bc,ifnd_neural_random_stratified_v1_s13,random_stratified,fnn,validation,13,n,8253.0
20260822T222510Z-ifnd_neural_random_stratified_v1_s13-355702bc,ifnd_neural_random_stratified_v1_s13,random_stratified,fnn,validation,13,accuracy,0.9563794983642312
20260822T222510Z-ifnd_neural_random_stratified_v1_s13-355702bc,ifnd_neural_random_stratified_v1_s13,random_stratified,fnn,validation,13,balanced_accuracy,0.9488362154424956
20260822T222510Z-ifnd_neural_random_stratified_v1_s13-355702bc,ifnd_neural_random_stratified_v1_s13,random_stratified,fnn,validation,13,macro_precision,0.951161124114507
20260822T222510Z-ifnd_neural_random_stratified_v1_s13-355702bc,ifnd_neural_random_stratified_v1_s13,random_stratified,fnn,validation,13,macro_recall,0.9488362154424956
20260822T222510Z-ifnd_neural_random_stratified_v1_s13-355702bc,ifnd_neural_random_stratified_v1_s13,random_stratified,fnn,validation,13,macro_f1,0.9499848561387045
20260822T222510Z-ifnd_neural_random_stratified_v1_s13-355702bc,ifnd_neural_random_stratified_v1_s13,random_stratified,fnn,validation,13,weighted_f1,0.9563231579040945
20260822T222510Z-ifnd_neural_random_stratified_v1_s13-355702bc,ifnd_neural_random_stratified_v1_s13,random_stratified,fnn,validation,13,brier_score,0.03605054711548015
20260822T222510Z-ifnd_neural_random_stratified_v1_s13-355702bc,ifnd_neural_random_stratified_v1_s13,random_stratified,fnn,validation,13,log_loss,0.13716941745378783
20260822T222510Z-ifnd_neural_random_stratified_v1_s13-355702bc,ifnd_neural_random_stratified_v1_s13,random_stratified,fnn,validation,13,ece_10,0.025669082098861228
20260822T222510Z-ifnd_neural_random_stratified_v1_s13-355702bc,ifnd_neural_random_stratified_v1_s13,random_stratified,fnn,validation,13,true_negatives,2471.0
20260822T222510Z-ifnd_neural_random_stratified_v1_s13-355702bc,ifnd_neural_random_stratified_v1_s13,random_stratified,fnn,validation,13,false_positives,193.0
20260822T222510Z-ifnd_neural_random_stratified_v1_s13-355702bc,ifnd_neural_random_stratified_v1_s13,random_stratified,fnn,validation,13,false_negatives,167.0
20260822T222510Z-ifnd_neural_random_stratified_v1_s13-355702bc,ifnd_neural_random_stratified_v1_s13,random_stratified,fnn,validation,13,true_positives,5422.0
20260822T222510Z-ifnd_neural_random_stratified_v1_s13-355702bc,ifnd_neural_random_stratified_v1_s13,random_stratified,fnn,test,13,n,8253.0
20260822T222510Z-ifnd_neural_random_stratified_v1_s13-355702bc,ifnd_neural_random_stratified_v1_s13,random_stratified,fnn,test,13,accuracy,0.9537138010420453
20260822T222510Z-ifnd_neural_random_stratified_v1_s13-355702bc,ifnd_neural_random_stratified_v1_s13,random_stratified,fnn,test,13,balanced_accuracy,0.9475556474348745
20260822T222510Z-ifnd_neural_random_stratified_v1_s13-355702bc,ifnd_neural_random_stratified_v1_s13,random_stratified,fnn,test,13,macro_precision,0.9466811312804468
20260822T222510Z-ifnd_neural_random_stratified_v1_s13-355702bc,ifnd_neural_random_stratified_v1_s13,random_stratified,fnn,test,13,macro_recall,0.9475556474348745
20260822T222510Z-ifnd_neural_random_stratified_v1_s13-355702bc,ifnd_neural_random_stratified_v1_s13,random_stratified,fnn,test,13,macro_f1,0.9471163730124393
20260822T222510Z-ifnd_neural_random_stratified_v1_s13-355702bc,ifnd_neural_random_stratified_v1_s13,random_stratified,fnn,test,13,weighted_f1,0.9537364337282532
20260822T222510Z-ifnd_neural_random_stratified_v1_s13-355702bc,ifnd_neural_random_stratified_v1_s13,random_stratified,fnn,test,13,brier_score,0.03737518025887016
20260822T222510Z-ifnd_neural_random_stratified_v1_s13-355702bc,ifnd_neural_random_stratified_v1_s13,random_stratified,fnn,test,13,log_loss,0.13927505111658509
20260822T222510Z-ifnd_neural_random_stratified_v1_s13-355702bc,ifnd_neural_random_stratified_v1_s13,random_stratified,fnn,test,13,ece_10,0.02917042257362025
20260822T222510Z-ifnd_neural_random_stratified_v1_s13-355702bc,ifnd_neural_random_stratified_v1_s13,random_stratified,fnn,test,13,true_negatives,2478.0
20260822T222510Z-ifnd_neural_random_stratified_v1_s13-355702bc,ifnd_neural_random_stratified_v1_s13,random_stratified,fnn,test,13,false_positives,186.0
20260822T222510Z-ifnd_neural_random_stratified_v1_s13-355702bc,ifnd_neural_random_stratified_v1_s13,random_stratified,fnn,test,13,false_negatives,196.0
20260822T222510Z-ifnd_neural_random_stratified_v1_s13-355702bc,ifnd_neural_random_stratified_v1_s13,random_stratified,fnn,test,13,true_positives,5393.0
20260822T222510Z-ifnd_neural_random_stratified_v1_s13-355702bc,ifnd_neural_random_stratified_v1_s13,random_stratified,cnn,validation,13,n,8253.0
20260822T222510Z-ifnd_neural_random_stratified_v1_s13-355702bc,ifnd_neural_random_stratified_v1_s13,random_stratified,cnn,validation,13,accuracy,0.9634072458499939
20260822T222510Z-ifnd_neural_random_stratified_v1_s13-355702bc,ifnd_neural_random_stratified_v1_s13,random_stratified,cnn,validation,13,balanced_accuracy,0.9523551329106885
20260822T222510Z-ifnd_neural_random_stratified_v1_s13-355702bc,ifnd_neural_random_stratified_v1_s13,random_stratified,cnn,validation,13,macro_precision,0.9635339850139251
20260822T222510Z-ifnd_neural_random_stratified_v1_s13-355702bc,ifnd_neural_random_stratified_v1_s13,random_stratified,cnn,validation,13,macro_recall,0.9523551329106885
20260822T222510Z-ifnd_neural_random_stratified_v1_s13-355702bc,ifnd_neural_random_stratified_v1_s13,random_stratified,cnn,validation,13,macro_f1,0.9576497107327921
20260822T222510Z-ifnd_neural_random_stratified_v1_s13-355702bc,ifnd_neural_random_stratified_v1_s13,random_stratified,cnn,validation,13,weighted_f1,0.9631839829042727
20260822T222510Z-ifnd_neural_random_stratified_v1_s13-355702bc,ifnd_neural_random_stratified_v1_s13,random_stratified,cnn,validation,13,brier_score,0.030914254068112927
20260822T222510Z-ifnd_neural_random_stratified_v1_s13-355702bc,ifnd_neural_random_stratified_v1_s13,random_stratified,cnn,validation,13,log_loss,0.11785899642714057
20260822T222510Z-ifnd_neural_random_stratified_v1_s13-355702bc,ifnd_neural_random_stratified_v1_s13,random_stratified,cnn,validation,13,ece_10,0.010348207741370586
20260822T222510Z-ifnd_neural_random_stratified_v1_s13-355702bc,ifnd_neural_random_stratified_v1_s13,random_stratified,cnn,validation,13,true_negatives,2454.0
20260822T222510Z-ifnd_neural_random_stratified_v1_s13-355702bc,ifnd_neural_random_stratified_v1_s13,random_stratified,cnn,validation,13,false_positives,210.0
20260822T222510Z-ifnd_neural_random_stratified_v1_s13-355702bc,ifnd_neural_random_stratified_v1_s13,random_stratified,cnn,validation,13,false_negatives,92.0
20260822T222510Z-ifnd_neural_random_stratified_v1_s13-355702bc,ifnd_neural_random_stratified_v1_s13,random_stratified,cnn,validation,13,true_positives,5497.0
20260822T222510Z-ifnd_neural_random_stratified_v1_s13-355702bc,ifnd_neural_random_stratified_v1_s13,random_stratified,cnn,test,13,n,8253.0
20260822T222510Z-ifnd_neural_random_stratified_v1_s13-355702bc,ifnd_neural_random_stratified_v1_s13,random_stratified,cnn,test,13,accuracy,0.9619532291288017
20260822T222510Z-ifnd_neural_random_stratified_v1_s13-355702bc,ifnd_neural_random_stratified_v1_s13,random_stratified,cnn,test,13,balanced_accuracy,0.952853215534375
20260822T222510Z-ifnd_neural_random_stratified_v1_s13-355702bc,ifnd_neural_random_stratified_v1_s13,random_stratified,cnn,test,13,macro_precision,0.9597052464790412
20260822T222510Z-ifnd_neural_random_stratified_v1_s13-355702bc,ifnd_neural_random_stratified_v1_s13,random_stratified,cnn,test,13,macro_recall,0.952853215534375
20260822T222510Z-ifnd_neural_random_stratified_v1_s13-355702bc,ifnd_neural_random_stratified_v1_s13,random_stratified,cnn,test,13,macro_f1,0.9561649303203856
20260822T222510Z-ifnd_neural_random_stratified_v1_s13-355702bc,ifnd_neural_random_stratified_v1_s13,random_stratified,cnn,test,13,weighted_f1,0.9618104034829787
20260822T222510Z-ifnd_neural_random_stratified_v1_s13-355702bc,ifnd_neural_random_stratified_v1_s13,random_stratified,cnn,test,13,brier_score,0.030645744504109503
20260822T222510Z-ifnd_neural_random_stratified_v1_s13-355702bc,ifnd_neural_random_stratified_v1_s13,random_stratified,cnn,test,13,log_loss,0.1177173445598002
20260822T222510Z-ifnd_neural_random_stratified_v1_s13-355702bc,ifnd_neural_random_stratified_v1_s13,random_stratified,cnn,test,13,ece_10,0.01320026216289983
20260822T222510Z-ifnd_neural_random_stratified_v1_s13-355702bc,ifnd_neural_random_stratified_v1_s13,random_stratified,cnn,test,13,true_negatives,2470.0
20260822T222510Z-ifnd_neural_random_stratified_v1_s13-355702bc,ifnd_neural_random_stratified_v1_s13,random_stratified,cnn,test,13,false_positives,194.0
20260822T222510Z-ifnd_neural_random_stratified_v1_s13-355702bc,ifnd_neural_random_stratified_v1_s13,random_stratified,cnn,test,13,false_negatives,120.0
20260822T222510Z-ifnd_neural_random_stratified_v1_s13-355702bc,ifnd_neural_random_stratified_v1_s13,random_stratified,cnn,test,13,true_positives,5469.0
20260822T222510Z-ifnd_neural_random_stratified_v1_s13-355702bc,ifnd_neural_random_stratified_v1_s13,random_stratified,lstm,validation,13,n,8253.0
20260822T222510Z-ifnd_neural_random_stratified_v1_s13-355702bc,ifnd_neural_random_stratified_v1_s13,random_stratified,lstm,validation,13,accuracy,0.9615897249485036
20260822T222510Z-ifnd_neural_random_stratified_v1_s13-355702bc,ifnd_neural_random_stratified_v1_s13,random_stratified,lstm,validation,13,balanced_accuracy,0.9513078900156194
20260822T222510Z-ifnd_neural_random_stratified_v1_s13-355702bc,ifnd_neural_random_stratified_v1_s13,random_stratified,lstm,validation,13,macro_precision,0.960371608257133
20260822T222510Z-ifnd_neural_random_stratified_v1_s13-355702bc,ifnd_neural_random_stratified_v1_s13,random_stratified,lstm,validation,13,macro_recall,0.9513078900156194
20260822T222510Z-ifnd_neural_random_stratified_v1_s13-355702bc,ifnd_neural_random_stratified_v1_s13,random_stratified,lstm,validation,13,macro_f1,0.9556422165149685
20260822T222510Z-ifnd_neural_random_stratified_v1_s13-355702bc,ifnd_neural_random_stratified_v1_s13,random_stratified,lstm,validation,13,weighted_f1,0.961398822129823
20260822T222510Z-ifnd_neural_random_stratified_v1_s13-355702bc,ifnd_neural_random_stratified_v1_s13,random_stratified,lstm,validation,13,brier_score,0.03063341483803143
20260822T222510Z-ifnd_neural_random_stratified_v1_s13-355702bc,ifnd_neural_random_stratified_v1_s13,random_stratified,lstm,validation,13,log_loss,0.11813755295237327
20260822T222510Z-ifnd_neural_random_stratified_v1_s13-355702bc,ifnd_neural_random_stratified_v1_s13,random_stratified,lstm,validation,13,ece_10,0.014459848118855173
20260822T222510Z-ifnd_neural_random_stratified_v1_s13-355702bc,ifnd_neural_random_stratified_v1_s13,random_stratified,lstm,validation,13,true_negatives,2457.0
20260822T222510Z-ifnd_neural_random_stratified_v1_s13-355702bc,ifnd_neural_random_stratified_v1_s13,random_stratified,lstm,validation,13,false_positives,207.0
20260822T222510Z-ifnd_neural_random_stratified_v1_s13-355702bc,ifnd_neural_random_stratified_v1_s13,random_stratified,lstm,validation,13,false_negatives,110.0
20260822T222510Z-ifnd_neural_random_stratified_v1_s13-355702bc,ifnd_neural_random_stratified_v1_s13,random_stratified,lstm,validation,13,true_positives,5479.0
20260822T222510Z-ifnd_neural_random_stratified_v1_s13-355702bc,ifnd_neural_random_stratified_v1_s13,random_stratified,lstm,test,13,n,8253.0
20260822T222510Z-ifnd_neural_random_stratified_v1_s13-355702bc,ifnd_neural_random_stratified_v1_s13,random_stratified,lstm,test,13,accuracy,0.9647400945110869
20260822T222510Z-ifnd_neural_random_stratified_v1_s13-355702bc,ifnd_neural_random_stratified_v1_s13,random_stratified,lstm,test,13,balanced_accuracy,0.9555001861765147
20260822T222510Z-ifnd_neural_random_stratified_v1_s13-355702bc,ifnd_neural_random_stratified_v1_s13,random_stratified,lstm,test,13,macro_precision,0.9634642238639328
20260822T222510Z-ifnd_neural_random_stratified_v1_s13-355702bc,ifnd_neural_random_stratified_v1_s13,random_stratified,lstm,test,13,macro_recall,0.9555001861765147
20260822T222510Z-ifnd_neural_random_stratified_v1_s13-355702bc,ifnd_neural_random_stratified_v1_s13,random_stratified,lstm,test,13,macro_f1,0.9593303071709334
20260822T222510Z-ifnd_neural_random_stratified_v1_s13-355702bc,ifnd_neural_random_stratified_v1_s13,random_stratified,lstm,test,13,weighted_f1,0.9645873264300526
20260822T222510Z-ifnd_neural_random_stratified_v1_s13-355702bc,ifnd_neural_random_stratified_v1_s13,random_stratified,lstm,test,13,brier_score,0.029342078048776383
20260822T222510Z-ifnd_neural_random_stratified_v1_s13-355702bc,ifnd_neural_random_stratified_v1_s13,random_stratified,lstm,test,13,log_loss,0.11670917502806312
20260822T222510Z-ifnd_neural_random_stratified_v1_s13-355702bc,ifnd_neural_random_stratified_v1_s13,random_stratified,lstm,test,13,ece_10,0.016388894355771757
20260822T222510Z-ifnd_neural_random_stratified_v1_s13-355702bc,ifnd_neural_random_stratified_v1_s13,random_stratified,lstm,test,13,true_negatives,2476.0
20260822T222510Z-ifnd_neural_random_stratified_v1_s13-355702bc,ifnd_neural_random_stratified_v1_s13,random_stratified,lstm,test,13,false_positives,188.0
20260822T222510Z-ifnd_neural_random_stratified_v1_s13-355702bc,ifnd_neural_random_stratified_v1_s13,random_stratified,lstm,test,13,false_negatives,103.0
20260822T222510Z-ifnd_neural_random_stratified_v1_s13-355702bc,ifnd_neural_random_stratified_v1_s13,random_stratified,lstm,test,13,true_positives,5486.0
20260822T222510Z-ifnd_neural_random_stratified_v1_s13-355702bc,ifnd_neural_random_stratified_v1_s13,random_stratified,bert_tiny,validation,13,n,8253.0
20260822T222510Z-ifnd_neural_random_stratified_v1_s13-355702bc,ifnd_neural_random_stratified_v1_s13,random_stratified,bert_tiny,validation,13,accuracy,0.9697079849751605
20260822T222510Z-ifnd_neural_random_stratified_v1_s13-355702bc,ifnd_neural_random_stratified_v1_s13,random_stratified,bert_tiny,validation,13,balanced_accuracy,0.96447232256411
20260822T222510Z-ifnd_neural_random_stratified_v1_s13-355702bc,ifnd_neural_random_stratified_v1_s13,random_stratified,bert_tiny,validation,13,macro_precision,0.9661307719092631
20260822T222510Z-ifnd_neural_random_stratified_v1_s13-355702bc,ifnd_neural_random_stratified_v1_s13,random_stratified,bert_tiny,validation,13,macro_recall,0.96447232256411
20260822T222510Z-ifnd_neural_random_stratified_v1_s13-355702bc,ifnd_neural_random_stratified_v1_s13,random_stratified,bert_tiny,validation,13,macro_f1,0.9652948086786444
20260822T222510Z-ifnd_neural_random_stratified_v1_s13-355702bc,ifnd_neural_random_stratified_v1_s13,random_stratified,bert_tiny,validation,13,weighted_f1,0.9696809930712064
20260822T222510Z-ifnd_neural_random_stratified_v1_s13-355702bc,ifnd_neural_random_stratified_v1_s13,random_stratified,bert_tiny,validation,13,brier_score,0.025733289977274008
20260822T222510Z-ifnd_neural_random_stratified_v1_s13-355702bc,ifnd_neural_random_stratified_v1_s13,random_stratified,bert_tiny,validation,13,log_loss,0.10651934395353917
20260822T222510Z-ifnd_neural_random_stratified_v1_s13-355702bc,ifnd_neural_random_stratified_v1_s13,random_stratified,bert_tiny,validation,13,ece_10,0.013269015366574235
20260822T222510Z-ifnd_neural_random_stratified_v1_s13-355702bc,ifnd_neural_random_stratified_v1_s13,random_stratified,bert_tiny,validation,13,true_negatives,2530.0
20260822T222510Z-ifnd_neural_random_stratified_v1_s13-355702bc,ifnd_neural_random_stratified_v1_s13,random_stratified,bert_tiny,validation,13,false_positives,134.0
20260822T222510Z-ifnd_neural_random_stratified_v1_s13-355702bc,ifnd_neural_random_stratified_v1_s13,random_stratified,bert_tiny,validation,13,false_negatives,116.0
20260822T222510Z-ifnd_neural_random_stratified_v1_s13-355702bc,ifnd_neural_random_stratified_v1_s13,random_stratified,bert_tiny,validation,13,true_positives,5473.0
20260822T222510Z-ifnd_neural_random_stratified_v1_s13-355702bc,ifnd_neural_random_stratified_v1_s13,random_stratified,bert_tiny,test,13,n,8253.0
20260822T222510Z-ifnd_neural_random_stratified_v1_s13-355702bc,ifnd_neural_random_stratified_v1_s13,random_stratified,bert_tiny,test,13,accuracy,0.9672846237731734
20260822T222510Z-ifnd_neural_random_stratified_v1_s13-355702bc,ifnd_neural_random_stratified_v1_s13,random_stratified,bert_tiny,test,13,balanced_accuracy,0.9625848674761719
20260822T222510Z-ifnd_neural_random_stratified_v1_s13-355702bc,ifnd_neural_random_stratified_v1_s13,random_stratified,bert_tiny,test,13,macro_precision,0.9625848674761719
20260822T222510Z-ifnd_neural_random_stratified_v1_s13-355702bc,ifnd_neural_random_stratified_v1_s13,random_stratified,bert_tiny,test,13,macro_recall,0.9625848674761719
20260822T222510Z-ifnd_neural_random_stratified_v1_s13-355702bc,ifnd_neural_random_stratified_v1_s13,random_stratified,bert_tiny,test,13,macro_f1,0.9625848674761719
20260822T222510Z-ifnd_neural_random_stratified_v1_s13-355702bc,ifnd_neural_random_stratified_v1_s13,random_stratified,bert_tiny,test,13,weighted_f1,0.9672846237731734
20260822T222510Z-ifnd_neural_random_stratified_v1_s13-355702bc,ifnd_neural_random_stratified_v1_s13,random_stratified,bert_tiny,test,13,brier_score,0.02593020537695257
20260822T222510Z-ifnd_neural_random_stratified_v1_s13-355702bc,ifnd_neural_random_stratified_v1_s13,random_stratified,bert_tiny,test,13,log_loss,0.1051620059664469
20260822T222510Z-ifnd_neural_random_stratified_v1_s13-355702bc,ifnd_neural_random_stratified_v1_s13,random_stratified,bert_tiny,test,13,ece_10,0.014447353919635164
20260822T222510Z-ifnd_neural_random_stratified_v1_s13-355702bc,ifnd_neural_random_stratified_v1_s13,random_stratified,bert_tiny,test,13,true_negatives,2529.0
20260822T222510Z-ifnd_neural_random_stratified_v1_s13-355702bc,ifnd_neural_random_stratified_v1_s13,random_stratified,bert_tiny,test,13,false_positives,135.0
20260822T222510Z-ifnd_neural_random_stratified_v1_s13-355702bc,ifnd_neural_random_stratified_v1_s13,random_stratified,bert_tiny,test,13,false_negatives,135.0
20260822T222510Z-ifnd_neural_random_stratified_v1_s13-355702bc,ifnd_neural_random_stratified_v1_s13,random_stratified,bert_tiny,test,13,true_positives,5454.0
20260822T223634Z-ifnd_neural_source_disjoint_v1_s13-5f0cc657,ifnd_neural_source_disjoint_v1_s13,source_disjoint,fnn,validation,13,n,6328.0
20260822T223634Z-ifnd_neural_source_disjoint_v1_s13-5f0cc657,ifnd_neural_source_disjoint_v1_s13,source_disjoint,fnn,validation,13,accuracy,0.9579646017699115
20260822T223634Z-ifnd_neural_source_disjoint_v1_s13-5f0cc657,ifnd_neural_source_disjoint_v1_s13,source_disjoint,fnn,validation,13,balanced_accuracy,0.9512192151406753
20260822T223634Z-ifnd_neural_source_disjoint_v1_s13-5f0cc657,ifnd_neural_source_disjoint_v1_s13,source_disjoint,fnn,validation,13,macro_precision,0.9528269395853788
20260822T223634Z-ifnd_neural_source_disjoint_v1_s13-5f0cc657,ifnd_neural_source_disjoint_v1_s13,source_disjoint,fnn,validation,13,macro_recall,0.9512192151406753
20260822T223634Z-ifnd_neural_source_disjoint_v1_s13-5f0cc657,ifnd_neural_source_disjoint_v1_s13,source_disjoint,fnn,validation,13,macro_f1,0.9520163285784331
20260822T223634Z-ifnd_neural_source_disjoint_v1_s13-5f0cc657,ifnd_neural_source_disjoint_v1_s13,source_disjoint,fnn,validation,13,weighted_f1,0.957927224828852
20260822T223634Z-ifnd_neural_source_disjoint_v1_s13-5f0cc657,ifnd_neural_source_disjoint_v1_s13,source_disjoint,fnn,validation,13,brier_score,0.035337349012107604
20260822T223634Z-ifnd_neural_source_disjoint_v1_s13-5f0cc657,ifnd_neural_source_disjoint_v1_s13,source_disjoint,fnn,validation,13,log_loss,0.14018850949963993
20260822T223634Z-ifnd_neural_source_disjoint_v1_s13-5f0cc657,ifnd_neural_source_disjoint_v1_s13,source_disjoint,fnn,validation,13,ece_10,0.028925818307729115
20260822T223634Z-ifnd_neural_source_disjoint_v1_s13-5f0cc657,ifnd_neural_source_disjoint_v1_s13,source_disjoint,fnn,validation,13,true_negatives,1917.0
20260822T223634Z-ifnd_neural_source_disjoint_v1_s13-5f0cc657,ifnd_neural_source_disjoint_v1_s13,source_disjoint,fnn,validation,13,false_positives,140.0
20260822T223634Z-ifnd_neural_source_disjoint_v1_s13-5f0cc657,ifnd_neural_source_disjoint_v1_s13,source_disjoint,fnn,validation,13,false_negatives,126.0
20260822T223634Z-ifnd_neural_source_disjoint_v1_s13-5f0cc657,ifnd_neural_source_disjoint_v1_s13,source_disjoint,fnn,validation,13,true_positives,4145.0
20260822T223634Z-ifnd_neural_source_disjoint_v1_s13-5f0cc657,ifnd_neural_source_disjoint_v1_s13,source_disjoint,fnn,test,13,n,7350.0
20260822T223634Z-ifnd_neural_source_disjoint_v1_s13-5f0cc657,ifnd_neural_source_disjoint_v1_s13,source_disjoint,fnn,test,13,accuracy,0.9395918367346939
20260822T223634Z-ifnd_neural_source_disjoint_v1_s13-5f0cc657,ifnd_neural_source_disjoint_v1_s13,source_disjoint,fnn,test,13,balanced_accuracy,0.9342992375591239
20260822T223634Z-ifnd_neural_source_disjoint_v1_s13-5f0cc657,ifnd_neural_source_disjoint_v1_s13,source_disjoint,fnn,test,13,macro_precision,0.9280919555808698
20260822T223634Z-ifnd_neural_source_disjoint_v1_s13-5f0cc657,ifnd_neural_source_disjoint_v1_s13,source_disjoint,fnn,test,13,macro_recall,0.9342992375591239
20260822T223634Z-ifnd_neural_source_disjoint_v1_s13-5f0cc657,ifnd_neural_source_disjoint_v1_s13,source_disjoint,fnn,test,13,macro_f1,0.9310876037592541
20260822T223634Z-ifnd_neural_source_disjoint_v1_s13-5f0cc657,ifnd_neural_source_disjoint_v1_s13,source_disjoint,fnn,test,13,weighted_f1,0.9398092183676834
20260822T223634Z-ifnd_neural_source_disjoint_v1_s13-5f0cc657,ifnd_neural_source_disjoint_v1_s13,source_disjoint,fnn,test,13,brier_score,0.04724009928555505
20260822T223634Z-ifnd_neural_source_disjoint_v1_s13-5f0cc657,ifnd_neural_source_disjoint_v1_s13,source_disjoint,fnn,test,13,log_loss,0.17513682087913707
20260822T223634Z-ifnd_neural_source_disjoint_v1_s13-5f0cc657,ifnd_neural_source_disjoint_v1_s13,source_disjoint,fnn,test,13,ece_10,0.03822498405910779
20260822T223634Z-ifnd_neural_source_disjoint_v1_s13-5f0cc657,ifnd_neural_source_disjoint_v1_s13,source_disjoint,fnn,test,13,true_negatives,2162.0
20260822T223634Z-ifnd_neural_source_disjoint_v1_s13-5f0cc657,ifnd_neural_source_disjoint_v1_s13,source_disjoint,fnn,test,13,false_positives,189.0
20260822T223634Z-ifnd_neural_source_disjoint_v1_s13-5f0cc657,ifnd_neural_source_disjoint_v1_s13,source_disjoint,fnn,test,13,false_negatives,255.0
20260822T223634Z-ifnd_neural_source_disjoint_v1_s13-5f0cc657,ifnd_neural_source_disjoint_v1_s13,source_disjoint,fnn,test,13,true_positives,4744.0
20260822T223634Z-ifnd_neural_source_disjoint_v1_s13-5f0cc657,ifnd_neural_source_disjoint_v1_s13,source_disjoint,cnn,validation,13,n,6328.0
20260822T223634Z-ifnd_neural_source_disjoint_v1_s13-5f0cc657,ifnd_neural_source_disjoint_v1_s13,source_disjoint,cnn,validation,13,accuracy,0.9668141592920354
20260822T223634Z-ifnd_neural_source_disjoint_v1_s13-5f0cc657,ifnd_neural_source_disjoint_v1_s13,source_disjoint,cnn,validation,13,balanced_accuracy,0.9581530683640798
20260822T223634Z-ifnd_neural_source_disjoint_v1_s13-5f0cc657,ifnd_neural_source_disjoint_v1_s13,source_disjoint,cnn,validation,13,macro_precision,0.9658842858887305
20260822T223634Z-ifnd_neural_source_disjoint_v1_s13-5f0cc657,ifnd_neural_source_disjoint_v1_s13,source_disjoint,cnn,validation,13,macro_recall,0.9581530683640798
20260822T223634Z-ifnd_neural_source_disjoint_v1_s13-5f0cc657,ifnd_neural_source_disjoint_v1_s13,source_disjoint,cnn,validation,13,macro_f1,0.9618732839276647
20260822T223634Z-ifnd_neural_source_disjoint_v1_s13-5f0cc657,ifnd_neural_source_disjoint_v1_s13,source_disjoint,cnn,validation,13,weighted_f1,0.9666753462879443
20260822T223634Z-ifnd_neural_source_disjoint_v1_s13-5f0cc657,ifnd_neural_source_disjoint_v1_s13,source_disjoint,cnn,validation,13,brier_score,0.028269296028373674
20260822T223634Z-ifnd_neural_source_disjoint_v1_s13-5f0cc657,ifnd_neural_source_disjoint_v1_s13,source_disjoint,cnn,validation,13,log_loss,0.11713648894842038
20260822T223634Z-ifnd_neural_source_disjoint_v1_s13-5f0cc657,ifnd_neural_source_disjoint_v1_s13,source_disjoint,cnn,validation,13,ece_10,0.0116571017677614
20260822T223634Z-ifnd_neural_source_disjoint_v1_s13-5f0cc657,ifnd_neural_source_disjoint_v1_s13,source_disjoint,cnn,validation,13,true_negatives,1920.0
20260822T223634Z-ifnd_neural_source_disjoint_v1_s13-5f0cc657,ifnd_neural_source_disjoint_v1_s13,source_disjoint,cnn,validation,13,false_positives,137.0
20260822T223634Z-ifnd_neural_source_disjoint_v1_s13-5f0cc657,ifnd_neural_source_disjoint_v1_s13,source_disjoint,cnn,validation,13,false_negatives,73.0
20260822T223634Z-ifnd_neural_source_disjoint_v1_s13-5f0cc657,ifnd_neural_source_disjoint_v1_s13,source_disjoint,cnn,validation,13,true_positives,4198.0
20260822T223634Z-ifnd_neural_source_disjoint_v1_s13-5f0cc657,ifnd_neural_source_disjoint_v1_s13,source_disjoint,cnn,test,13,n,7350.0
20260822T223634Z-ifnd_neural_source_disjoint_v1_s13-5f0cc657,ifnd_neural_source_disjoint_v1_s13,source_disjoint,cnn,test,13,accuracy,0.9511564625850341
20260822T223634Z-ifnd_neural_source_disjoint_v1_s13-5f0cc657,ifnd_neural_source_disjoint_v1_s13,source_disjoint,cnn,test,13,balanced_accuracy,0.9452793578707235
20260822T223634Z-ifnd_neural_source_disjoint_v1_s13-5f0cc657,ifnd_neural_source_disjoint_v1_s13,source_disjoint,cnn,test,13,macro_precision,0.9428086656675319
20260822T223634Z-ifnd_neural_source_disjoint_v1_s13-5f0cc657,ifnd_neural_source_disjoint_v1_s13,source_disjoint,cnn,test,13,macro_recall,0.9452793578707235
20260822T223634Z-ifnd_neural_source_disjoint_v1_s13-5f0cc657,ifnd_neural_source_disjoint_v1_s13,source_disjoint,cnn,test,13,macro_f1,0.9440280591741981
20260822T223634Z-ifnd_neural_source_disjoint_v1_s13-5f0cc657,ifnd_neural_source_disjoint_v1_s13,source_disjoint,cnn,test,13,weighted_f1,0.9512244039061438
20260822T223634Z-ifnd_neural_source_disjoint_v1_s13-5f0cc657,ifnd_neural_source_disjoint_v1_s13,source_disjoint,cnn,test,13,brier_score,0.03840545518978996
20260822T223634Z-ifnd_neural_source_disjoint_v1_s13-5f0cc657,ifnd_neural_source_disjoint_v1_s13,source_disjoint,cnn,test,13,log_loss,0.1502446438544033
20260822T223634Z-ifnd_neural_source_disjoint_v1_s13-5f0cc657,ifnd_neural_source_disjoint_v1_s13,source_disjoint,cnn,test,13,ece_10,0.029787633641091636
20260822T223634Z-ifnd_neural_source_disjoint_v1_s13-5f0cc657,ifnd_neural_source_disjoint_v1_s13,source_disjoint,cnn,test,13,true_negatives,2184.0
20260822T223634Z-ifnd_neural_source_disjoint_v1_s13-5f0cc657,ifnd_neural_source_disjoint_v1_s13,source_disjoint,cnn,test,13,false_positives,167.0
20260822T223634Z-ifnd_neural_source_disjoint_v1_s13-5f0cc657,ifnd_neural_source_disjoint_v1_s13,source_disjoint,cnn,test,13,false_negatives,192.0
20260822T223634Z-ifnd_neural_source_disjoint_v1_s13-5f0cc657,ifnd_neural_source_disjoint_v1_s13,source_disjoint,cnn,test,13,true_positives,4807.0
20260822T223634Z-ifnd_neural_source_disjoint_v1_s13-5f0cc657,ifnd_neural_source_disjoint_v1_s13,source_disjoint,lstm,validation,13,n,6328.0
20260822T223634Z-ifnd_neural_source_disjoint_v1_s13-5f0cc657,ifnd_neural_source_disjoint_v1_s13,source_disjoint,lstm,validation,13,accuracy,0.9620733249051833
20260822T223634Z-ifnd_neural_source_disjoint_v1_s13-5f0cc657,ifnd_neural_source_disjoint_v1_s13,source_disjoint,lstm,validation,13,balanced_accuracy,0.9528769566306643
20260822T223634Z-ifnd_neural_source_disjoint_v1_s13-5f0cc657,ifnd_neural_source_disjoint_v1_s13,source_disjoint,lstm,validation,13,macro_precision,0.960269818326106
20260822T223634Z-ifnd_neural_source_disjoint_v1_s13-5f0cc657,ifnd_neural_source_disjoint_v1_s13,source_disjoint,lstm,validation,13,macro_recall,0.9528769566306643
20260822T223634Z-ifnd_neural_source_disjoint_v1_s13-5f0cc657,ifnd_neural_source_disjoint_v1_s13,source_disjoint,lstm,validation,13,macro_f1,0.9564379936694658
20260822T223634Z-ifnd_neural_source_disjoint_v1_s13-5f0cc657,ifnd_neural_source_disjoint_v1_s13,source_disjoint,lstm,validation,13,weighted_f1,0.9619198141245969
20260822T223634Z-ifnd_neural_source_disjoint_v1_s13-5f0cc657,ifnd_neural_source_disjoint_v1_s13,source_disjoint,lstm,validation,13,brier_score,0.03146961465098445
20260822T223634Z-ifnd_neural_source_disjoint_v1_s13-5f0cc657,ifnd_neural_source_disjoint_v1_s13,source_disjoint,lstm,validation,13,log_loss,0.12449009212474706
20260822T223634Z-ifnd_neural_source_disjoint_v1_s13-5f0cc657,ifnd_neural_source_disjoint_v1_s13,source_disjoint,lstm,validation,13,ece_10,0.011631920677743211
20260822T223634Z-ifnd_neural_source_disjoint_v1_s13-5f0cc657,ifnd_neural_source_disjoint_v1_s13,source_disjoint,lstm,validation,13,true_negatives,1906.0
20260822T223634Z-ifnd_neural_source_disjoint_v1_s13-5f0cc657,ifnd_neural_source_disjoint_v1_s13,source_disjoint,lstm,validation,13,false_positives,151.0
20260822T223634Z-ifnd_neural_source_disjoint_v1_s13-5f0cc657,ifnd_neural_source_disjoint_v1_s13,source_disjoint,lstm,validation,13,false_negatives,89.0
20260822T223634Z-ifnd_neural_source_disjoint_v1_s13-5f0cc657,ifnd_neural_source_disjoint_v1_s13,source_disjoint,lstm,validation,13,true_positives,4182.0
20260822T223634Z-ifnd_neural_source_disjoint_v1_s13-5f0cc657,ifnd_neural_source_disjoint_v1_s13,source_disjoint,lstm,test,13,n,7350.0
20260822T223634Z-ifnd_neural_source_disjoint_v1_s13-5f0cc657,ifnd_neural_source_disjoint_v1_s13,source_disjoint,lstm,test,13,accuracy,0.9530612244897959
20260822T223634Z-ifnd_neural_source_disjoint_v1_s13-5f0cc657,ifnd_neural_source_disjoint_v1_s13,source_disjoint,lstm,test,13,balanced_accuracy,0.9479188479125005
20260822T223634Z-ifnd_neural_source_disjoint_v1_s13-5f0cc657,ifnd_neural_source_disjoint_v1_s13,source_disjoint,lstm,test,13,macro_precision,0.9446539319723111
20260822T223634Z-ifnd_neural_source_disjoint_v1_s13-5f0cc657,ifnd_neural_source_disjoint_v1_s13,source_disjoint,lstm,test,13,macro_recall,0.9479188479125005
20260822T223634Z-ifnd_neural_source_disjoint_v1_s13-5f0cc657,ifnd_neural_source_disjoint_v1_s13,source_disjoint,lstm,test,13,macro_f1,0.9462585787320035
20260822T223634Z-ifnd_neural_source_disjoint_v1_s13-5f0cc657,ifnd_neural_source_disjoint_v1_s13,source_disjoint,lstm,test,13,weighted_f1,0.9531470704974468
20260822T223634Z-ifnd_neural_source_disjoint_v1_s13-5f0cc657,ifnd_neural_source_disjoint_v1_s13,source_disjoint,lstm,test,13,brier_score,0.03703067296299528
20260822T223634Z-ifnd_neural_source_disjoint_v1_s13-5f0cc657,ifnd_neural_source_disjoint_v1_s13,source_disjoint,lstm,test,13,log_loss,0.14190724083806278
20260822T223634Z-ifnd_neural_source_disjoint_v1_s13-5f0cc657,ifnd_neural_source_disjoint_v1_s13,source_disjoint,lstm,test,13,ece_10,0.02421851958254305
20260822T223634Z-ifnd_neural_source_disjoint_v1_s13-5f0cc657,ifnd_neural_source_disjoint_v1_s13,source_disjoint,lstm,test,13,true_negatives,2195.0
20260822T223634Z-ifnd_neural_source_disjoint_v1_s13-5f0cc657,ifnd_neural_source_disjoint_v1_s13,source_disjoint,lstm,test,13,false_positives,156.0
20260822T223634Z-ifnd_neural_source_disjoint_v1_s13-5f0cc657,ifnd_neural_source_disjoint_v1_s13,source_disjoint,lstm,test,13,false_negatives,189.0
20260822T223634Z-ifnd_neural_source_disjoint_v1_s13-5f0cc657,ifnd_neural_source_disjoint_v1_s13,source_disjoint,lstm,test,13,true_positives,4810.0
20260822T223634Z-ifnd_neural_source_disjoint_v1_s13-5f0cc657,ifnd_neural_source_disjoint_v1_s13,source_disjoint,bert_tiny,validation,13,n,6328.0
20260822T223634Z-ifnd_neural_source_disjoint_v1_s13-5f0cc657,ifnd_neural_source_disjoint_v1_s13,source_disjoint,bert_tiny,validation,13,accuracy,0.9712389380530974
20260822T223634Z-ifnd_neural_source_disjoint_v1_s13-5f0cc657,ifnd_neural_source_disjoint_v1_s13,source_disjoint,bert_tiny,validation,13,balanced_accuracy,0.965463111894022
20260822T223634Z-ifnd_neural_source_disjoint_v1_s13-5f0cc657,ifnd_neural_source_disjoint_v1_s13,source_disjoint,bert_tiny,validation,13,macro_precision,0.9688129931760581
20260822T223634Z-ifnd_neural_source_disjoint_v1_s13-5f0cc657,ifnd_neural_source_disjoint_v1_s13,source_disjoint,bert_tiny,validation,13,macro_recall,0.965463111894022
20260822T223634Z-ifnd_neural_source_disjoint_v1_s13-5f0cc657,ifnd_neural_source_disjoint_v1_s13,source_disjoint,bert_tiny,validation,13,macro_f1,0.96711039374567
20260822T223634Z-ifnd_neural_source_disjoint_v1_s13-5f0cc657,ifnd_neural_source_disjoint_v1_s13,source_disjoint,bert_tiny,validation,13,weighted_f1,0.971187377285654
20260822T223634Z-ifnd_neural_source_disjoint_v1_s13-5f0cc657,ifnd_neural_source_disjoint_v1_s13,source_disjoint,bert_tiny,validation,13,brier_score,0.02407674108128567
20260822T223634Z-ifnd_neural_source_disjoint_v1_s13-5f0cc657,ifnd_neural_source_disjoint_v1_s13,source_disjoint,bert_tiny,validation,13,log_loss,0.10270730342375871
20260822T223634Z-ifnd_neural_source_disjoint_v1_s13-5f0cc657,ifnd_neural_source_disjoint_v1_s13,source_disjoint,bert_tiny,validation,13,ece_10,0.0122634928487182
20260822T223634Z-ifnd_neural_source_disjoint_v1_s13-5f0cc657,ifnd_neural_source_disjoint_v1_s13,source_disjoint,bert_tiny,validation,13,true_negatives,1952.0
20260822T223634Z-ifnd_neural_source_disjoint_v1_s13-5f0cc657,ifnd_neural_source_disjoint_v1_s13,source_disjoint,bert_tiny,validation,13,false_positives,105.0
20260822T223634Z-ifnd_neural_source_disjoint_v1_s13-5f0cc657,ifnd_neural_source_disjoint_v1_s13,source_disjoint,bert_tiny,validation,13,false_negatives,77.0
20260822T223634Z-ifnd_neural_source_disjoint_v1_s13-5f0cc657,ifnd_neural_source_disjoint_v1_s13,source_disjoint,bert_tiny,validation,13,true_positives,4194.0
20260822T223634Z-ifnd_neural_source_disjoint_v1_s13-5f0cc657,ifnd_neural_source_disjoint_v1_s13,source_disjoint,bert_tiny,test,13,n,7350.0
20260822T223634Z-ifnd_neural_source_disjoint_v1_s13-5f0cc657,ifnd_neural_source_disjoint_v1_s13,source_disjoint,bert_tiny,test,13,accuracy,0.9476190476190476
20260822T223634Z-ifnd_neural_source_disjoint_v1_s13-5f0cc657,ifnd_neural_source_disjoint_v1_s13,source_disjoint,bert_tiny,test,13,balanced_accuracy,0.9567607694231317
20260822T223634Z-ifnd_neural_source_disjoint_v1_s13-5f0cc657,ifnd_neural_source_disjoint_v1_s13,source_disjoint,bert_tiny,test,13,macro_precision,0.9308618378090995
20260822T223634Z-ifnd_neural_source_disjoint_v1_s13-5f0cc657,ifnd_neural_source_disjoint_v1_s13,source_disjoint,bert_tiny,test,13,macro_recall,0.9567607694231317
20260822T223634Z-ifnd_neural_source_disjoint_v1_s13-5f0cc657,ifnd_neural_source_disjoint_v1_s13,source_disjoint,bert_tiny,test,13,macro_f1,0.9416715856842499
20260822T223634Z-ifnd_neural_source_disjoint_v1_s13-5f0cc657,ifnd_neural_source_disjoint_v1_s13,source_disjoint,bert_tiny,test,13,weighted_f1,0.9483818026434933
20260822T223634Z-ifnd_neural_source_disjoint_v1_s13-5f0cc657,ifnd_neural_source_disjoint_v1_s13,source_disjoint,bert_tiny,test,13,brier_score,0.043580976250472074
20260822T223634Z-ifnd_neural_source_disjoint_v1_s13-5f0cc657,ifnd_neural_source_disjoint_v1_s13,source_disjoint,bert_tiny,test,13,log_loss,0.16635821331194806
20260822T223634Z-ifnd_neural_source_disjoint_v1_s13-5f0cc657,ifnd_neural_source_disjoint_v1_s13,source_disjoint,bert_tiny,test,13,ece_10,0.05448696094191301
20260822T223634Z-ifnd_neural_source_disjoint_v1_s13-5f0cc657,ifnd_neural_source_disjoint_v1_s13,source_disjoint,bert_tiny,test,13,true_negatives,2309.0
20260822T223634Z-ifnd_neural_source_disjoint_v1_s13-5f0cc657,ifnd_neural_source_disjoint_v1_s13,source_disjoint,bert_tiny,test,13,false_positives,42.0
20260822T223634Z-ifnd_neural_source_disjoint_v1_s13-5f0cc657,ifnd_neural_source_disjoint_v1_s13,source_disjoint,bert_tiny,test,13,false_negatives,343.0
20260822T223634Z-ifnd_neural_source_disjoint_v1_s13-5f0cc657,ifnd_neural_source_disjoint_v1_s13,source_disjoint,bert_tiny,test,13,true_positives,4656.0
20260822T220812Z-ifnd_neural_random_stratified_v1-f5cb5bb6,ifnd_neural_random_stratified_v1,random_stratified,fnn,validation,42,n,8253.0
20260822T220812Z-ifnd_neural_random_stratified_v1-f5cb5bb6,ifnd_neural_random_stratified_v1,random_stratified,fnn,validation,42,accuracy,0.9527444565612505
20260822T220812Z-ifnd_neural_random_stratified_v1-f5cb5bb6,ifnd_neural_random_stratified_v1,random_stratified,fnn,validation,42,balanced_accuracy,0.9447772047409728
20260822T220812Z-ifnd_neural_random_stratified_v1-f5cb5bb6,ifnd_neural_random_stratified_v1,random_stratified,fnn,validation,42,macro_precision,0.9469015718381031
20260822T220812Z-ifnd_neural_random_stratified_v1-f5cb5bb6,ifnd_neural_random_stratified_v1,random_stratified,fnn,validation,42,macro_recall,0.9447772047409728
20260822T220812Z-ifnd_neural_random_stratified_v1-f5cb5bb6,ifnd_neural_random_stratified_v1,random_stratified,fnn,validation,42,macro_f1,0.9458276883329657
20260822T220812Z-ifnd_neural_random_stratified_v1-f5cb5bb6,ifnd_neural_random_stratified_v1,random_stratified,fnn,validation,42,weighted_f1,0.9526881654668188
20260822T220812Z-ifnd_neural_random_stratified_v1-f5cb5bb6,ifnd_neural_random_stratified_v1,random_stratified,fnn,validation,42,brier_score,0.03644406573857434
20260822T220812Z-ifnd_neural_random_stratified_v1-f5cb5bb6,ifnd_neural_random_stratified_v1,random_stratified,fnn,validation,42,log_loss,0.13411172768927015
20260822T220812Z-ifnd_neural_random_stratified_v1-f5cb5bb6,ifnd_neural_random_stratified_v1,random_stratified,fnn,validation,42,ece_10,0.02310739994426701
20260822T220812Z-ifnd_neural_random_stratified_v1-f5cb5bb6,ifnd_neural_random_stratified_v1,random_stratified,fnn,validation,42,true_negatives,2457.0
20260822T220812Z-ifnd_neural_random_stratified_v1-f5cb5bb6,ifnd_neural_random_stratified_v1,random_stratified,fnn,validation,42,false_positives,207.0
20260822T220812Z-ifnd_neural_random_stratified_v1-f5cb5bb6,ifnd_neural_random_stratified_v1,random_stratified,fnn,validation,42,false_negatives,183.0
20260822T220812Z-ifnd_neural_random_stratified_v1-f5cb5bb6,ifnd_neural_random_stratified_v1,random_stratified,fnn,validation,42,true_positives,5406.0
20260822T220812Z-ifnd_neural_random_stratified_v1-f5cb5bb6,ifnd_neural_random_stratified_v1,random_stratified,fnn,test,42,n,8253.0
20260822T220812Z-ifnd_neural_random_stratified_v1-f5cb5bb6,ifnd_neural_random_stratified_v1,random_stratified,fnn,test,42,accuracy,0.9540773052223434
20260822T220812Z-ifnd_neural_random_stratified_v1-f5cb5bb6,ifnd_neural_random_stratified_v1,random_stratified,fnn,test,42,balanced_accuracy,0.9451719231308604
20260822T220812Z-ifnd_neural_random_stratified_v1-f5cb5bb6,ifnd_neural_random_stratified_v1,random_stratified,fnn,test,42,macro_precision,0.9493879145826288
20260822T220812Z-ifnd_neural_random_stratified_v1-f5cb5bb6,ifnd_neural_random_stratified_v1,random_stratified,fnn,test,42,macro_recall,0.9451719231308604
20260822T220812Z-ifnd_neural_random_stratified_v1-f5cb5bb6,ifnd_neural_random_stratified_v1,random_stratified,fnn,test,42,macro_f1,0.947234684663978
20260822T220812Z-ifnd_neural_random_stratified_v1-f5cb5bb6,ifnd_neural_random_stratified_v1,random_stratified,fnn,test,42,weighted_f1,0.9539690941973625
20260822T220812Z-ifnd_neural_random_stratified_v1-f5cb5bb6,ifnd_neural_random_stratified_v1,random_stratified,fnn,test,42,brier_score,0.037854495749169485
20260822T220812Z-ifnd_neural_random_stratified_v1-f5cb5bb6,ifnd_neural_random_stratified_v1,random_stratified,fnn,test,42,log_loss,0.1413232749159126
20260822T220812Z-ifnd_neural_random_stratified_v1-f5cb5bb6,ifnd_neural_random_stratified_v1,random_stratified,fnn,test,42,ece_10,0.02233941755764976
20260822T220812Z-ifnd_neural_random_stratified_v1-f5cb5bb6,ifnd_neural_random_stratified_v1,random_stratified,fnn,test,42,true_negatives,2451.0
20260822T220812Z-ifnd_neural_random_stratified_v1-f5cb5bb6,ifnd_neural_random_stratified_v1,random_stratified,fnn,test,42,false_positives,213.0
20260822T220812Z-ifnd_neural_random_stratified_v1-f5cb5bb6,ifnd_neural_random_stratified_v1,random_stratified,fnn,test,42,false_negatives,166.0
20260822T220812Z-ifnd_neural_random_stratified_v1-f5cb5bb6,ifnd_neural_random_stratified_v1,random_stratified,fnn,test,42,true_positives,5423.0
20260822T220812Z-ifnd_neural_random_stratified_v1-f5cb5bb6,ifnd_neural_random_stratified_v1,random_stratified,cnn,validation,42,n,8253.0
20260822T220812Z-ifnd_neural_random_stratified_v1-f5cb5bb6,ifnd_neural_random_stratified_v1,random_stratified,cnn,validation,42,accuracy,0.9597722040470132
20260822T220812Z-ifnd_neural_random_stratified_v1-f5cb5bb6,ifnd_neural_random_stratified_v1,random_stratified,cnn,validation,42,balanced_accuracy,0.9533056607331969
20260822T220812Z-ifnd_neural_random_stratified_v1-f5cb5bb6,ifnd_neural_random_stratified_v1,random_stratified,cnn,validation,42,macro_precision,0.9545618418704265
20260822T220812Z-ifnd_neural_random_stratified_v1-f5cb5bb6,ifnd_neural_random_stratified_v1,random_stratified,cnn,validation,42,macro_recall,0.9533056607331969
20260822T220812Z-ifnd_neural_random_stratified_v1-f5cb5bb6,ifnd_neural_random_stratified_v1,random_stratified,cnn,validation,42,macro_f1,0.9539297385115396
20260822T220812Z-ifnd_neural_random_stratified_v1-f5cb5bb6,ifnd_neural_random_stratified_v1,random_stratified,cnn,validation,42,weighted_f1,0.9597443733163237
20260822T220812Z-ifnd_neural_random_stratified_v1-f5cb5bb6,ifnd_neural_random_stratified_v1,random_stratified,cnn,validation,42,brier_score,0.030985662141141446
20260822T220812Z-ifnd_neural_random_stratified_v1-f5cb5bb6,ifnd_neural_random_stratified_v1,random_stratified,cnn,validation,42,log_loss,0.11580066102063376
20260822T220812Z-ifnd_neural_random_stratified_v1-f5cb5bb6,ifnd_neural_random_stratified_v1,random_stratified,cnn,validation,42,ece_10,0.02037243505203075
20260822T220812Z-ifnd_neural_random_stratified_v1-f5cb5bb6,ifnd_neural_random_stratified_v1,random_stratified,cnn,validation,42,true_negatives,2491.0
20260822T220812Z-ifnd_neural_random_stratified_v1-f5cb5bb6,ifnd_neural_random_stratified_v1,random_stratified,cnn,validation,42,false_positives,173.0
20260822T220812Z-ifnd_neural_random_stratified_v1-f5cb5bb6,ifnd_neural_random_stratified_v1,random_stratified,cnn,validation,42,false_negatives,159.0
20260822T220812Z-ifnd_neural_random_stratified_v1-f5cb5bb6,ifnd_neural_random_stratified_v1,random_stratified,cnn,validation,42,true_positives,5430.0
20260822T220812Z-ifnd_neural_random_stratified_v1-f5cb5bb6,ifnd_neural_random_stratified_v1,random_stratified,cnn,test,42,n,8253.0
20260822T220812Z-ifnd_neural_random_stratified_v1-f5cb5bb6,ifnd_neural_random_stratified_v1,random_stratified,cnn,test,42,accuracy,0.9596510359869138
20260822T220812Z-ifnd_neural_random_stratified_v1-f5cb5bb6,ifnd_neural_random_stratified_v1,random_stratified,cnn,test,42,balanced_accuracy,0.9513499006252629
20260822T220812Z-ifnd_neural_random_stratified_v1-f5cb5bb6,ifnd_neural_random_stratified_v1,random_stratified,cnn,test,42,macro_precision,0.9559982411998925
20260822T220812Z-ifnd_neural_random_stratified_v1-f5cb5bb6,ifnd_neural_random_stratified_v1,random_stratified,cnn,test,42,macro_recall,0.9513499006252629
20260822T220812Z-ifnd_neural_random_stratified_v1-f5cb5bb6,ifnd_neural_random_stratified_v1,random_stratified,cnn,test,42,macro_f1,0.9536203034749573
20260822T220812Z-ifnd_neural_random_stratified_v1-f5cb5bb6,ifnd_neural_random_stratified_v1,random_stratified,cnn,test,42,weighted_f1,0.9595476867402372
20260822T220812Z-ifnd_neural_random_stratified_v1-f5cb5bb6,ifnd_neural_random_stratified_v1,random_stratified,cnn,test,42,brier_score,0.03279697964160202
20260822T220812Z-ifnd_neural_random_stratified_v1-f5cb5bb6,ifnd_neural_random_stratified_v1,random_stratified,cnn,test,42,log_loss,0.12417263370963531
20260822T220812Z-ifnd_neural_random_stratified_v1-f5cb5bb6,ifnd_neural_random_stratified_v1,random_stratified,cnn,test,42,ece_10,0.017089076650027957
20260822T220812Z-ifnd_neural_random_stratified_v1-f5cb5bb6,ifnd_neural_random_stratified_v1,random_stratified,cnn,test,42,true_negatives,2472.0
20260822T220812Z-ifnd_neural_random_stratified_v1-f5cb5bb6,ifnd_neural_random_stratified_v1,random_stratified,cnn,test,42,false_positives,192.0
20260822T220812Z-ifnd_neural_random_stratified_v1-f5cb5bb6,ifnd_neural_random_stratified_v1,random_stratified,cnn,test,42,false_negatives,141.0
20260822T220812Z-ifnd_neural_random_stratified_v1-f5cb5bb6,ifnd_neural_random_stratified_v1,random_stratified,cnn,test,42,true_positives,5448.0
20260822T220812Z-ifnd_neural_random_stratified_v1-f5cb5bb6,ifnd_neural_random_stratified_v1,random_stratified,lstm,validation,42,n,8253.0
20260822T220812Z-ifnd_neural_random_stratified_v1-f5cb5bb6,ifnd_neural_random_stratified_v1,random_stratified,lstm,validation,42,accuracy,0.9643765903307888
20260822T220812Z-ifnd_neural_random_stratified_v1-f5cb5bb6,ifnd_neural_random_stratified_v1,random_stratified,lstm,validation,42,balanced_accuracy,0.9565087430425595
20260822T220812Z-ifnd_neural_random_stratified_v1-f5cb5bb6,ifnd_neural_random_stratified_v1,random_stratified,lstm,validation,42,macro_precision,0.9616851399522897
20260822T220812Z-ifnd_neural_random_stratified_v1-f5cb5bb6,ifnd_neural_random_stratified_v1,random_stratified,lstm,validation,42,macro_recall,0.9565087430425595
20260822T220812Z-ifnd_neural_random_stratified_v1-f5cb5bb6,ifnd_neural_random_stratified_v1,random_stratified,lstm,validation,42,macro_f1,0.9590315668644098
20260822T220812Z-ifnd_neural_random_stratified_v1-f5cb5bb6,ifnd_neural_random_stratified_v1,random_stratified,lstm,validation,42,weighted_f1,0.9642761806313197
20260822T220812Z-ifnd_neural_random_stratified_v1-f5cb5bb6,ifnd_neural_random_stratified_v1,random_stratified,lstm,validation,42,brier_score,0.028560789149741247
20260822T220812Z-ifnd_neural_random_stratified_v1-f5cb5bb6,ifnd_neural_random_stratified_v1,random_stratified,lstm,validation,42,log_loss,0.11133516144356863
20260822T220812Z-ifnd_neural_random_stratified_v1-f5cb5bb6,ifnd_neural_random_stratified_v1,random_stratified,lstm,validation,42,ece_10,0.01538826877122391
20260822T220812Z-ifnd_neural_random_stratified_v1-f5cb5bb6,ifnd_neural_random_stratified_v1,random_stratified,lstm,validation,42,true_negatives,2489.0
20260822T220812Z-ifnd_neural_random_stratified_v1-f5cb5bb6,ifnd_neural_random_stratified_v1,random_stratified,lstm,validation,42,false_positives,175.0
20260822T220812Z-ifnd_neural_random_stratified_v1-f5cb5bb6,ifnd_neural_random_stratified_v1,random_stratified,lstm,validation,42,false_negatives,119.0
20260822T220812Z-ifnd_neural_random_stratified_v1-f5cb5bb6,ifnd_neural_random_stratified_v1,random_stratified,lstm,validation,42,true_positives,5470.0
20260822T220812Z-ifnd_neural_random_stratified_v1-f5cb5bb6,ifnd_neural_random_stratified_v1,random_stratified,lstm,test,42,n,8253.0
20260822T220812Z-ifnd_neural_random_stratified_v1-f5cb5bb6,ifnd_neural_random_stratified_v1,random_stratified,lstm,test,42,accuracy,0.9597722040470132
20260822T220812Z-ifnd_neural_random_stratified_v1-f5cb5bb6,ifnd_neural_random_stratified_v1,random_stratified,lstm,test,42,balanced_accuracy,0.9494748371559966
20260822T220812Z-ifnd_neural_random_stratified_v1-f5cb5bb6,ifnd_neural_random_stratified_v1,random_stratified,lstm,test,42,macro_precision,0.958013163848938
20260822T220812Z-ifnd_neural_random_stratified_v1-f5cb5bb6,ifnd_neural_random_stratified_v1,random_stratified,lstm,test,42,macro_recall,0.9494748371559966
20260822T220812Z-ifnd_neural_random_stratified_v1-f5cb5bb6,ifnd_neural_random_stratified_v1,random_stratified,lstm,test,42,macro_f1,0.953567039464007
20260822T220812Z-ifnd_neural_random_stratified_v1-f5cb5bb6,ifnd_neural_random_stratified_v1,random_stratified,lstm,test,42,weighted_f1,0.9595829845767989
20260822T220812Z-ifnd_neural_random_stratified_v1-f5cb5bb6,ifnd_neural_random_stratified_v1,random_stratified,lstm,test,42,brier_score,0.033202524973211654
20260822T220812Z-ifnd_neural_random_stratified_v1-f5cb5bb6,ifnd_neural_random_stratified_v1,random_stratified,lstm,test,42,log_loss,0.12707480922446945
20260822T220812Z-ifnd_neural_random_stratified_v1-f5cb5bb6,ifnd_neural_random_stratified_v1,random_stratified,lstm,test,42,ece_10,0.013043294475565249
20260822T220812Z-ifnd_neural_random_stratified_v1-f5cb5bb6,ifnd_neural_random_stratified_v1,random_stratified,lstm,test,42,true_negatives,2452.0
20260822T220812Z-ifnd_neural_random_stratified_v1-f5cb5bb6,ifnd_neural_random_stratified_v1,random_stratified,lstm,test,42,false_positives,212.0
20260822T220812Z-ifnd_neural_random_stratified_v1-f5cb5bb6,ifnd_neural_random_stratified_v1,random_stratified,lstm,test,42,false_negatives,120.0
20260822T220812Z-ifnd_neural_random_stratified_v1-f5cb5bb6,ifnd_neural_random_stratified_v1,random_stratified,lstm,test,42,true_positives,5469.0
20260822T220812Z-ifnd_neural_random_stratified_v1-f5cb5bb6,ifnd_neural_random_stratified_v1,random_stratified,bert_tiny,validation,42,n,8253.0
20260822T220812Z-ifnd_neural_random_stratified_v1-f5cb5bb6,ifnd_neural_random_stratified_v1,random_stratified,bert_tiny,validation,42,accuracy,0.9724948503574458
20260822T220812Z-ifnd_neural_random_stratified_v1-f5cb5bb6,ifnd_neural_random_stratified_v1,random_stratified,bert_tiny,validation,42,balanced_accuracy,0.9679051031708037
20260822T220812Z-ifnd_neural_random_stratified_v1-f5cb5bb6,ifnd_neural_random_stratified_v1,random_stratified,bert_tiny,validation,42,macro_precision,0.9691084757006678
20260822T220812Z-ifnd_neural_random_stratified_v1-f5cb5bb6,ifnd_neural_random_stratified_v1,random_stratified,bert_tiny,validation,42,macro_recall,0.9679051031708037
20260822T220812Z-ifnd_neural_random_stratified_v1-f5cb5bb6,ifnd_neural_random_stratified_v1,random_stratified,bert_tiny,validation,42,macro_f1,0.9685032649119248
20260822T220812Z-ifnd_neural_random_stratified_v1-f5cb5bb6,ifnd_neural_random_stratified_v1,random_stratified,bert_tiny,validation,42,weighted_f1,0.9724771884749435
20260822T220812Z-ifnd_neural_random_stratified_v1-f5cb5bb6,ifnd_neural_random_stratified_v1,random_stratified,bert_tiny,validation,42,brier_score,0.02269769785730483
20260822T220812Z-ifnd_neural_random_stratified_v1-f5cb5bb6,ifnd_neural_random_stratified_v1,random_stratified,bert_tiny,validation,42,log_loss,0.09634735327419461
20260822T220812Z-ifnd_neural_random_stratified_v1-f5cb5bb6,ifnd_neural_random_stratified_v1,random_stratified,bert_tiny,validation,42,ece_10,0.014564211129818103
20260822T220812Z-ifnd_neural_random_stratified_v1-f5cb5bb6,ifnd_neural_random_stratified_v1,random_stratified,bert_tiny,validation,42,true_negatives,2544.0
20260822T220812Z-ifnd_neural_random_stratified_v1-f5cb5bb6,ifnd_neural_random_stratified_v1,random_stratified,bert_tiny,validation,42,false_positives,120.0
20260822T220812Z-ifnd_neural_random_stratified_v1-f5cb5bb6,ifnd_neural_random_stratified_v1,random_stratified,bert_tiny,validation,42,false_negatives,107.0
20260822T220812Z-ifnd_neural_random_stratified_v1-f5cb5bb6,ifnd_neural_random_stratified_v1,random_stratified,bert_tiny,validation,42,true_positives,5482.0
20260822T220812Z-ifnd_neural_random_stratified_v1-f5cb5bb6,ifnd_neural_random_stratified_v1,random_stratified,bert_tiny,test,42,n,8253.0
20260822T220812Z-ifnd_neural_random_stratified_v1-f5cb5bb6,ifnd_neural_random_stratified_v1,random_stratified,bert_tiny,test,42,accuracy,0.9710408336362535
20260822T220812Z-ifnd_neural_random_stratified_v1-f5cb5bb6,ifnd_neural_random_stratified_v1,random_stratified,bert_tiny,test,42,balanced_accuracy,0.9643759097261513
20260822T220812Z-ifnd_neural_random_stratified_v1-f5cb5bb6,ifnd_neural_random_stratified_v1,random_stratified,bert_tiny,test,42,macro_precision,0.9691584019346802
20260822T220812Z-ifnd_neural_random_stratified_v1-f5cb5bb6,ifnd_neural_random_stratified_v1,random_stratified,bert_tiny,test,42,macro_recall,0.9643759097261513
20260822T220812Z-ifnd_neural_random_stratified_v1-f5cb5bb6,ifnd_neural_random_stratified_v1,random_stratified,bert_tiny,test,42,macro_f1,0.966712470061606
20260822T220812Z-ifnd_neural_random_stratified_v1-f5cb5bb6,ifnd_neural_random_stratified_v1,random_stratified,bert_tiny,test,42,weighted_f1,0.9709666580508008
20260822T220812Z-ifnd_neural_random_stratified_v1-f5cb5bb6,ifnd_neural_random_stratified_v1,random_stratified,bert_tiny,test,42,brier_score,0.024921496669384525
20260822T220812Z-ifnd_neural_random_stratified_v1-f5cb5bb6,ifnd_neural_random_stratified_v1,random_stratified,bert_tiny,test,42,log_loss,0.10501446886681182
20260822T220812Z-ifnd_neural_random_stratified_v1-f5cb5bb6,ifnd_neural_random_stratified_v1,random_stratified,bert_tiny,test,42,ece_10,0.011236535584538028
20260822T220812Z-ifnd_neural_random_stratified_v1-f5cb5bb6,ifnd_neural_random_stratified_v1,random_stratified,bert_tiny,test,42,true_negatives,2519.0
20260822T220812Z-ifnd_neural_random_stratified_v1-f5cb5bb6,ifnd_neural_random_stratified_v1,random_stratified,bert_tiny,test,42,false_positives,145.0
20260822T220812Z-ifnd_neural_random_stratified_v1-f5cb5bb6,ifnd_neural_random_stratified_v1,random_stratified,bert_tiny,test,42,false_negatives,94.0
20260822T220812Z-ifnd_neural_random_stratified_v1-f5cb5bb6,ifnd_neural_random_stratified_v1,random_stratified,bert_tiny,test,42,true_positives,5495.0
20260822T224858Z-ifnd_neural_source_disjoint_v1_s42-b65af54c,ifnd_neural_source_disjoint_v1_s42,source_disjoint,fnn,validation,42,n,6241.0
20260822T224858Z-ifnd_neural_source_disjoint_v1_s42-b65af54c,ifnd_neural_source_disjoint_v1_s42,source_disjoint,fnn,validation,42,accuracy,0.9727607755167441
20260822T224858Z-ifnd_neural_source_disjoint_v1_s42-b65af54c,ifnd_neural_source_disjoint_v1_s42,source_disjoint,fnn,validation,42,balanced_accuracy,0.9746062313878505
20260822T224858Z-ifnd_neural_source_disjoint_v1_s42-b65af54c,ifnd_neural_source_disjoint_v1_s42,source_disjoint,fnn,validation,42,macro_precision,0.9647965335471824
20260822T224858Z-ifnd_neural_source_disjoint_v1_s42-b65af54c,ifnd_neural_source_disjoint_v1_s42,source_disjoint,fnn,validation,42,macro_recall,0.9746062313878505
20260822T224858Z-ifnd_neural_source_disjoint_v1_s42-b65af54c,ifnd_neural_source_disjoint_v1_s42,source_disjoint,fnn,validation,42,macro_f1,0.9694338328925458
20260822T224858Z-ifnd_neural_source_disjoint_v1_s42-b65af54c,ifnd_neural_source_disjoint_v1_s42,source_disjoint,fnn,validation,42,weighted_f1,0.9729029663622659
20260822T224858Z-ifnd_neural_source_disjoint_v1_s42-b65af54c,ifnd_neural_source_disjoint_v1_s42,source_disjoint,fnn,validation,42,brier_score,0.023561325626877933
20260822T224858Z-ifnd_neural_source_disjoint_v1_s42-b65af54c,ifnd_neural_source_disjoint_v1_s42,source_disjoint,fnn,validation,42,log_loss,0.09657719474695992
20260822T224858Z-ifnd_neural_source_disjoint_v1_s42-b65af54c,ifnd_neural_source_disjoint_v1_s42,source_disjoint,fnn,validation,42,ece_10,0.04681196615569915
20260822T224858Z-ifnd_neural_source_disjoint_v1_s42-b65af54c,ifnd_neural_source_disjoint_v1_s42,source_disjoint,fnn,validation,42,true_negatives,2006.0
20260822T224858Z-ifnd_neural_source_disjoint_v1_s42-b65af54c,ifnd_neural_source_disjoint_v1_s42,source_disjoint,fnn,validation,42,false_positives,41.0
20260822T224858Z-ifnd_neural_source_disjoint_v1_s42-b65af54c,ifnd_neural_source_disjoint_v1_s42,source_disjoint,fnn,validation,42,false_negatives,129.0
20260822T224858Z-ifnd_neural_source_disjoint_v1_s42-b65af54c,ifnd_neural_source_disjoint_v1_s42,source_disjoint,fnn,validation,42,true_positives,4065.0
20260822T224858Z-ifnd_neural_source_disjoint_v1_s42-b65af54c,ifnd_neural_source_disjoint_v1_s42,source_disjoint,fnn,test,42,n,7212.0
20260822T224858Z-ifnd_neural_source_disjoint_v1_s42-b65af54c,ifnd_neural_source_disjoint_v1_s42,source_disjoint,fnn,test,42,accuracy,0.9453688297282308
20260822T224858Z-ifnd_neural_source_disjoint_v1_s42-b65af54c,ifnd_neural_source_disjoint_v1_s42,source_disjoint,fnn,test,42,balanced_accuracy,0.9425353862629429
20260822T224858Z-ifnd_neural_source_disjoint_v1_s42-b65af54c,ifnd_neural_source_disjoint_v1_s42,source_disjoint,fnn,test,42,macro_precision,0.9356460104528502
20260822T224858Z-ifnd_neural_source_disjoint_v1_s42-b65af54c,ifnd_neural_source_disjoint_v1_s42,source_disjoint,fnn,test,42,macro_recall,0.9425353862629429
20260822T224858Z-ifnd_neural_source_disjoint_v1_s42-b65af54c,ifnd_neural_source_disjoint_v1_s42,source_disjoint,fnn,test,42,macro_f1,0.9389409073281019
20260822T224858Z-ifnd_neural_source_disjoint_v1_s42-b65af54c,ifnd_neural_source_disjoint_v1_s42,source_disjoint,fnn,test,42,weighted_f1,0.9455830938082349
20260822T224858Z-ifnd_neural_source_disjoint_v1_s42-b65af54c,ifnd_neural_source_disjoint_v1_s42,source_disjoint,fnn,test,42,brier_score,0.04391042535302823
20260822T224858Z-ifnd_neural_source_disjoint_v1_s42-b65af54c,ifnd_neural_source_disjoint_v1_s42,source_disjoint,fnn,test,42,log_loss,0.16495926597284344
20260822T224858Z-ifnd_neural_source_disjoint_v1_s42-b65af54c,ifnd_neural_source_disjoint_v1_s42,source_disjoint,fnn,test,42,ece_10,0.04751050468039879
20260822T224858Z-ifnd_neural_source_disjoint_v1_s42-b65af54c,ifnd_neural_source_disjoint_v1_s42,source_disjoint,fnn,test,42,true_negatives,2239.0
20260822T224858Z-ifnd_neural_source_disjoint_v1_s42-b65af54c,ifnd_neural_source_disjoint_v1_s42,source_disjoint,fnn,test,42,false_positives,158.0
20260822T224858Z-ifnd_neural_source_disjoint_v1_s42-b65af54c,ifnd_neural_source_disjoint_v1_s42,source_disjoint,fnn,test,42,false_negatives,236.0
20260822T224858Z-ifnd_neural_source_disjoint_v1_s42-b65af54c,ifnd_neural_source_disjoint_v1_s42,source_disjoint,fnn,test,42,true_positives,4579.0
20260822T224858Z-ifnd_neural_source_disjoint_v1_s42-b65af54c,ifnd_neural_source_disjoint_v1_s42,source_disjoint,cnn,validation,42,n,6241.0
20260822T224858Z-ifnd_neural_source_disjoint_v1_s42-b65af54c,ifnd_neural_source_disjoint_v1_s42,source_disjoint,cnn,validation,42,accuracy,0.9799711584681942
20260822T224858Z-ifnd_neural_source_disjoint_v1_s42-b65af54c,ifnd_neural_source_disjoint_v1_s42,source_disjoint,cnn,validation,42,balanced_accuracy,0.9755945695795911
20260822T224858Z-ifnd_neural_source_disjoint_v1_s42-b65af54c,ifnd_neural_source_disjoint_v1_s42,source_disjoint,cnn,validation,42,macro_precision,0.9788686811111815
20260822T224858Z-ifnd_neural_source_disjoint_v1_s42-b65af54c,ifnd_neural_source_disjoint_v1_s42,source_disjoint,cnn,validation,42,macro_recall,0.9755945695795911
20260822T224858Z-ifnd_neural_source_disjoint_v1_s42-b65af54c,ifnd_neural_source_disjoint_v1_s42,source_disjoint,cnn,validation,42,macro_f1,0.9772051938701731
20260822T224858Z-ifnd_neural_source_disjoint_v1_s42-b65af54c,ifnd_neural_source_disjoint_v1_s42,source_disjoint,cnn,validation,42,weighted_f1,0.979936806561963
20260822T224858Z-ifnd_neural_source_disjoint_v1_s42-b65af54c,ifnd_neural_source_disjoint_v1_s42,source_disjoint,cnn,validation,42,brier_score,0.018361687988376042
20260822T224858Z-ifnd_neural_source_disjoint_v1_s42-b65af54c,ifnd_neural_source_disjoint_v1_s42,source_disjoint,cnn,validation,42,log_loss,0.0814106368434803
20260822T224858Z-ifnd_neural_source_disjoint_v1_s42-b65af54c,ifnd_neural_source_disjoint_v1_s42,source_disjoint,cnn,validation,42,ece_10,0.033866233524399145
20260822T224858Z-ifnd_neural_source_disjoint_v1_s42-b65af54c,ifnd_neural_source_disjoint_v1_s42,source_disjoint,cnn,validation,42,true_negatives,1971.0
20260822T224858Z-ifnd_neural_source_disjoint_v1_s42-b65af54c,ifnd_neural_source_disjoint_v1_s42,source_disjoint,cnn,validation,42,false_positives,76.0
20260822T224858Z-ifnd_neural_source_disjoint_v1_s42-b65af54c,ifnd_neural_source_disjoint_v1_s42,source_disjoint,cnn,validation,42,false_negatives,49.0
20260822T224858Z-ifnd_neural_source_disjoint_v1_s42-b65af54c,ifnd_neural_source_disjoint_v1_s42,source_disjoint,cnn,validation,42,true_positives,4145.0
20260822T224858Z-ifnd_neural_source_disjoint_v1_s42-b65af54c,ifnd_neural_source_disjoint_v1_s42,source_disjoint,cnn,test,42,n,7212.0
20260822T224858Z-ifnd_neural_source_disjoint_v1_s42-b65af54c,ifnd_neural_source_disjoint_v1_s42,source_disjoint,cnn,test,42,accuracy,0.9561841375485303
20260822T224858Z-ifnd_neural_source_disjoint_v1_s42-b65af54c,ifnd_neural_source_disjoint_v1_s42,source_disjoint,cnn,test,42,balanced_accuracy,0.9437214482797163
20260822T224858Z-ifnd_neural_source_disjoint_v1_s42-b65af54c,ifnd_neural_source_disjoint_v1_s42,source_disjoint,cnn,test,42,macro_precision,0.9570509653987901
20260822T224858Z-ifnd_neural_source_disjoint_v1_s42-b65af54c,ifnd_neural_source_disjoint_v1_s42,source_disjoint,cnn,test,42,macro_recall,0.9437214482797163
20260822T224858Z-ifnd_neural_source_disjoint_v1_s42-b65af54c,ifnd_neural_source_disjoint_v1_s42,source_disjoint,cnn,test,42,macro_f1,0.9499237581597754
20260822T224858Z-ifnd_neural_source_disjoint_v1_s42-b65af54c,ifnd_neural_source_disjoint_v1_s42,source_disjoint,cnn,test,42,weighted_f1,0.9558600708507593
20260822T224858Z-ifnd_neural_source_disjoint_v1_s42-b65af54c,ifnd_neural_source_disjoint_v1_s42,source_disjoint,cnn,test,42,brier_score,0.03624086798755535
20260822T224858Z-ifnd_neural_source_disjoint_v1_s42-b65af54c,ifnd_neural_source_disjoint_v1_s42,source_disjoint,cnn,test,42,log_loss,0.14328182306433032
20260822T224858Z-ifnd_neural_source_disjoint_v1_s42-b65af54c,ifnd_neural_source_disjoint_v1_s42,source_disjoint,cnn,test,42,ece_10,0.02407481907008538
20260822T224858Z-ifnd_neural_source_disjoint_v1_s42-b65af54c,ifnd_neural_source_disjoint_v1_s42,source_disjoint,cnn,test,42,true_negatives,2173.0
20260822T224858Z-ifnd_neural_source_disjoint_v1_s42-b65af54c,ifnd_neural_source_disjoint_v1_s42,source_disjoint,cnn,test,42,false_positives,224.0
20260822T224858Z-ifnd_neural_source_disjoint_v1_s42-b65af54c,ifnd_neural_source_disjoint_v1_s42,source_disjoint,cnn,test,42,false_negatives,92.0
20260822T224858Z-ifnd_neural_source_disjoint_v1_s42-b65af54c,ifnd_neural_source_disjoint_v1_s42,source_disjoint,cnn,test,42,true_positives,4723.0
20260822T224858Z-ifnd_neural_source_disjoint_v1_s42-b65af54c,ifnd_neural_source_disjoint_v1_s42,source_disjoint,lstm,validation,42,n,6241.0
20260822T224858Z-ifnd_neural_source_disjoint_v1_s42-b65af54c,ifnd_neural_source_disjoint_v1_s42,source_disjoint,lstm,validation,42,accuracy,0.9809325428617208
20260822T224858Z-ifnd_neural_source_disjoint_v1_s42-b65af54c,ifnd_neural_source_disjoint_v1_s42,source_disjoint,lstm,validation,42,balanced_accuracy,0.980186177988468
20260822T224858Z-ifnd_neural_source_disjoint_v1_s42-b65af54c,ifnd_neural_source_disjoint_v1_s42,source_disjoint,lstm,validation,42,macro_precision,0.9767751031048257
20260822T224858Z-ifnd_neural_source_disjoint_v1_s42-b65af54c,ifnd_neural_source_disjoint_v1_s42,source_disjoint,lstm,validation,42,macro_recall,0.980186177988468
20260822T224858Z-ifnd_neural_source_disjoint_v1_s42-b65af54c,ifnd_neural_source_disjoint_v1_s42,source_disjoint,lstm,validation,42,macro_f1,0.9784506842862861
20260822T224858Z-ifnd_neural_source_disjoint_v1_s42-b65af54c,ifnd_neural_source_disjoint_v1_s42,source_disjoint,lstm,validation,42,weighted_f1,0.9809665248724326
20260822T224858Z-ifnd_neural_source_disjoint_v1_s42-b65af54c,ifnd_neural_source_disjoint_v1_s42,source_disjoint,lstm,validation,42,brier_score,0.017515469767679356
20260822T224858Z-ifnd_neural_source_disjoint_v1_s42-b65af54c,ifnd_neural_source_disjoint_v1_s42,source_disjoint,lstm,validation,42,log_loss,0.08342188660127073
20260822T224858Z-ifnd_neural_source_disjoint_v1_s42-b65af54c,ifnd_neural_source_disjoint_v1_s42,source_disjoint,lstm,validation,42,ece_10,0.03732319748267152
20260822T224858Z-ifnd_neural_source_disjoint_v1_s42-b65af54c,ifnd_neural_source_disjoint_v1_s42,source_disjoint,lstm,validation,42,true_negatives,2002.0
20260822T224858Z-ifnd_neural_source_disjoint_v1_s42-b65af54c,ifnd_neural_source_disjoint_v1_s42,source_disjoint,lstm,validation,42,false_positives,45.0
20260822T224858Z-ifnd_neural_source_disjoint_v1_s42-b65af54c,ifnd_neural_source_disjoint_v1_s42,source_disjoint,lstm,validation,42,false_negatives,74.0
20260822T224858Z-ifnd_neural_source_disjoint_v1_s42-b65af54c,ifnd_neural_source_disjoint_v1_s42,source_disjoint,lstm,validation,42,true_positives,4120.0
20260822T224858Z-ifnd_neural_source_disjoint_v1_s42-b65af54c,ifnd_neural_source_disjoint_v1_s42,source_disjoint,lstm,test,42,n,7212.0
20260822T224858Z-ifnd_neural_source_disjoint_v1_s42-b65af54c,ifnd_neural_source_disjoint_v1_s42,source_disjoint,lstm,test,42,accuracy,0.9541042706600111
20260822T224858Z-ifnd_neural_source_disjoint_v1_s42-b65af54c,ifnd_neural_source_disjoint_v1_s42,source_disjoint,lstm,test,42,balanced_accuracy,0.9442588542011887
20260822T224858Z-ifnd_neural_source_disjoint_v1_s42-b65af54c,ifnd_neural_source_disjoint_v1_s42,source_disjoint,lstm,test,42,macro_precision,0.9517789423971579
20260822T224858Z-ifnd_neural_source_disjoint_v1_s42-b65af54c,ifnd_neural_source_disjoint_v1_s42,source_disjoint,lstm,test,42,macro_recall,0.9442588542011887
20260822T224858Z-ifnd_neural_source_disjoint_v1_s42-b65af54c,ifnd_neural_source_disjoint_v1_s42,source_disjoint,lstm,test,42,macro_f1,0.947864588473654
20260822T224858Z-ifnd_neural_source_disjoint_v1_s42-b65af54c,ifnd_neural_source_disjoint_v1_s42,source_disjoint,lstm,test,42,weighted_f1,0.9539117033139791
20260822T224858Z-ifnd_neural_source_disjoint_v1_s42-b65af54c,ifnd_neural_source_disjoint_v1_s42,source_disjoint,lstm,test,42,brier_score,0.0374967620884494
20260822T224858Z-ifnd_neural_source_disjoint_v1_s42-b65af54c,ifnd_neural_source_disjoint_v1_s42,source_disjoint,lstm,test,42,log_loss,0.1492868685855918
20260822T224858Z-ifnd_neural_source_disjoint_v1_s42-b65af54c,ifnd_neural_source_disjoint_v1_s42,source_disjoint,lstm,test,42,ece_10,0.026131247438878125
20260822T224858Z-ifnd_neural_source_disjoint_v1_s42-b65af54c,ifnd_neural_source_disjoint_v1_s42,source_disjoint,lstm,test,42,true_negatives,2193.0
20260822T224858Z-ifnd_neural_source_disjoint_v1_s42-b65af54c,ifnd_neural_source_disjoint_v1_s42,source_disjoint,lstm,test,42,false_positives,204.0
20260822T224858Z-ifnd_neural_source_disjoint_v1_s42-b65af54c,ifnd_neural_source_disjoint_v1_s42,source_disjoint,lstm,test,42,false_negatives,127.0
20260822T224858Z-ifnd_neural_source_disjoint_v1_s42-b65af54c,ifnd_neural_source_disjoint_v1_s42,source_disjoint,lstm,test,42,true_positives,4688.0
20260822T224858Z-ifnd_neural_source_disjoint_v1_s42-b65af54c,ifnd_neural_source_disjoint_v1_s42,source_disjoint,bert_tiny,validation,42,n,6241.0
20260822T224858Z-ifnd_neural_source_disjoint_v1_s42-b65af54c,ifnd_neural_source_disjoint_v1_s42,source_disjoint,bert_tiny,validation,42,accuracy,0.9836564653100465
20260822T224858Z-ifnd_neural_source_disjoint_v1_s42-b65af54c,ifnd_neural_source_disjoint_v1_s42,source_disjoint,bert_tiny,validation,42,balanced_accuracy,0.9828380926156169
20260822T224858Z-ifnd_neural_source_disjoint_v1_s42-b65af54c,ifnd_neural_source_disjoint_v1_s42,source_disjoint,bert_tiny,validation,42,macro_precision,0.9802230525304604
20260822T224858Z-ifnd_neural_source_disjoint_v1_s42-b65af54c,ifnd_neural_source_disjoint_v1_s42,source_disjoint,bert_tiny,validation,42,macro_recall,0.9828380926156169
20260822T224858Z-ifnd_neural_source_disjoint_v1_s42-b65af54c,ifnd_neural_source_disjoint_v1_s42,source_disjoint,bert_tiny,validation,42,macro_f1,0.9815132261709028
20260822T224858Z-ifnd_neural_source_disjoint_v1_s42-b65af54c,ifnd_neural_source_disjoint_v1_s42,source_disjoint,bert_tiny,validation,42,weighted_f1,0.9836786541387811
20260822T224858Z-ifnd_neural_source_disjoint_v1_s42-b65af54c,ifnd_neural_source_disjoint_v1_s42,source_disjoint,bert_tiny,validation,42,brier_score,0.014323298901968757
20260822T224858Z-ifnd_neural_source_disjoint_v1_s42-b65af54c,ifnd_neural_source_disjoint_v1_s42,source_disjoint,bert_tiny,validation,42,log_loss,0.07329349612955781
20260822T224858Z-ifnd_neural_source_disjoint_v1_s42-b65af54c,ifnd_neural_source_disjoint_v1_s42,source_disjoint,bert_tiny,validation,42,ece_10,0.02857548892742746
20260822T224858Z-ifnd_neural_source_disjoint_v1_s42-b65af54c,ifnd_neural_source_disjoint_v1_s42,source_disjoint,bert_tiny,validation,42,true_negatives,2007.0
20260822T224858Z-ifnd_neural_source_disjoint_v1_s42-b65af54c,ifnd_neural_source_disjoint_v1_s42,source_disjoint,bert_tiny,validation,42,false_positives,40.0
20260822T224858Z-ifnd_neural_source_disjoint_v1_s42-b65af54c,ifnd_neural_source_disjoint_v1_s42,source_disjoint,bert_tiny,validation,42,false_negatives,62.0
20260822T224858Z-ifnd_neural_source_disjoint_v1_s42-b65af54c,ifnd_neural_source_disjoint_v1_s42,source_disjoint,bert_tiny,validation,42,true_positives,4132.0
20260822T224858Z-ifnd_neural_source_disjoint_v1_s42-b65af54c,ifnd_neural_source_disjoint_v1_s42,source_disjoint,bert_tiny,test,42,n,7212.0
20260822T224858Z-ifnd_neural_source_disjoint_v1_s42-b65af54c,ifnd_neural_source_disjoint_v1_s42,source_disjoint,bert_tiny,test,42,accuracy,0.9650582362728786
20260822T224858Z-ifnd_neural_source_disjoint_v1_s42-b65af54c,ifnd_neural_source_disjoint_v1_s42,source_disjoint,bert_tiny,test,42,balanced_accuracy,0.9612615457795766
20260822T224858Z-ifnd_neural_source_disjoint_v1_s42-b65af54c,ifnd_neural_source_disjoint_v1_s42,source_disjoint,bert_tiny,test,42,macro_precision,0.9601105473462648
20260822T224858Z-ifnd_neural_source_disjoint_v1_s42-b65af54c,ifnd_neural_source_disjoint_v1_s42,source_disjoint,bert_tiny,test,42,macro_recall,0.9612615457795766
20260822T224858Z-ifnd_neural_source_disjoint_v1_s42-b65af54c,ifnd_neural_source_disjoint_v1_s42,source_disjoint,bert_tiny,test,42,macro_f1,0.9606823348543578
20260822T224858Z-ifnd_neural_source_disjoint_v1_s42-b65af54c,ifnd_neural_source_disjoint_v1_s42,source_disjoint,bert_tiny,test,42,weighted_f1,0.9650800612176094
20260822T224858Z-ifnd_neural_source_disjoint_v1_s42-b65af54c,ifnd_neural_source_disjoint_v1_s42,source_disjoint,bert_tiny,test,42,brier_score,0.028549573528518467
20260822T224858Z-ifnd_neural_source_disjoint_v1_s42-b65af54c,ifnd_neural_source_disjoint_v1_s42,source_disjoint,bert_tiny,test,42,log_loss,0.11810004087099123
20260822T224858Z-ifnd_neural_source_disjoint_v1_s42-b65af54c,ifnd_neural_source_disjoint_v1_s42,source_disjoint,bert_tiny,test,42,ece_10,0.022968143011901497
20260822T224858Z-ifnd_neural_source_disjoint_v1_s42-b65af54c,ifnd_neural_source_disjoint_v1_s42,source_disjoint,bert_tiny,test,42,true_negatives,2277.0
20260822T224858Z-ifnd_neural_source_disjoint_v1_s42-b65af54c,ifnd_neural_source_disjoint_v1_s42,source_disjoint,bert_tiny,test,42,false_positives,120.0
20260822T224858Z-ifnd_neural_source_disjoint_v1_s42-b65af54c,ifnd_neural_source_disjoint_v1_s42,source_disjoint,bert_tiny,test,42,false_negatives,132.0
20260822T224858Z-ifnd_neural_source_disjoint_v1_s42-b65af54c,ifnd_neural_source_disjoint_v1_s42,source_disjoint,bert_tiny,test,42,true_positives,4683.0
20260822T230047Z-ifnd_neural_random_stratified_v1_s87-ffdbb0a0,ifnd_neural_random_stratified_v1_s87,random_stratified,fnn,validation,87,n,8253.0
20260822T230047Z-ifnd_neural_random_stratified_v1_s87-ffdbb0a0,ifnd_neural_random_stratified_v1_s87,random_stratified,fnn,validation,87,accuracy,0.9544408094026414
20260822T230047Z-ifnd_neural_random_stratified_v1_s87-ffdbb0a0,ifnd_neural_random_stratified_v1_s87,random_stratified,fnn,validation,87,balanced_accuracy,0.9445562712470925
20260822T230047Z-ifnd_neural_random_stratified_v1_s87-ffdbb0a0,ifnd_neural_random_stratified_v1_s87,random_stratified,fnn,validation,87,macro_precision,0.9507172754319682
20260822T230047Z-ifnd_neural_random_stratified_v1_s87-ffdbb0a0,ifnd_neural_random_stratified_v1_s87,random_stratified,fnn,validation,87,macro_recall,0.9445562712470925
20260822T230047Z-ifnd_neural_random_stratified_v1_s87-ffdbb0a0,ifnd_neural_random_stratified_v1_s87,random_stratified,fnn,validation,87,macro_f1,0.9475415001802077
20260822T230047Z-ifnd_neural_random_stratified_v1_s87-ffdbb0a0,ifnd_neural_random_stratified_v1_s87,random_stratified,fnn,validation,87,weighted_f1,0.9542840593100502
20260822T230047Z-ifnd_neural_random_stratified_v1_s87-ffdbb0a0,ifnd_neural_random_stratified_v1_s87,random_stratified,fnn,validation,87,brier_score,0.03766299925028602
20260822T230047Z-ifnd_neural_random_stratified_v1_s87-ffdbb0a0,ifnd_neural_random_stratified_v1_s87,random_stratified,fnn,validation,87,log_loss,0.14079680957406257
20260822T230047Z-ifnd_neural_random_stratified_v1_s87-ffdbb0a0,ifnd_neural_random_stratified_v1_s87,random_stratified,fnn,validation,87,ece_10,0.020788248709243
20260822T230047Z-ifnd_neural_random_stratified_v1_s87-ffdbb0a0,ifnd_neural_random_stratified_v1_s87,random_stratified,fnn,validation,87,true_negatives,2442.0
20260822T230047Z-ifnd_neural_random_stratified_v1_s87-ffdbb0a0,ifnd_neural_random_stratified_v1_s87,random_stratified,fnn,validation,87,false_positives,222.0
20260822T230047Z-ifnd_neural_random_stratified_v1_s87-ffdbb0a0,ifnd_neural_random_stratified_v1_s87,random_stratified,fnn,validation,87,false_negatives,154.0
20260822T230047Z-ifnd_neural_random_stratified_v1_s87-ffdbb0a0,ifnd_neural_random_stratified_v1_s87,random_stratified,fnn,validation,87,true_positives,5435.0
20260822T230047Z-ifnd_neural_random_stratified_v1_s87-ffdbb0a0,ifnd_neural_random_stratified_v1_s87,random_stratified,fnn,test,87,n,8253.0
20260822T230047Z-ifnd_neural_random_stratified_v1_s87-ffdbb0a0,ifnd_neural_random_stratified_v1_s87,random_stratified,fnn,test,87,accuracy,0.9574700109051254
20260822T230047Z-ifnd_neural_random_stratified_v1_s87-ffdbb0a0,ifnd_neural_random_stratified_v1_s87,random_stratified,fnn,test,87,balanced_accuracy,0.9490520109481462
20260822T230047Z-ifnd_neural_random_stratified_v1_s87-ffdbb0a0,ifnd_neural_random_stratified_v1_s87,random_stratified,fnn,test,87,macro_precision,0.9533047486909987
20260822T230047Z-ifnd_neural_random_stratified_v1_s87-ffdbb0a0,ifnd_neural_random_stratified_v1_s87,random_stratified,fnn,test,87,macro_recall,0.9490520109481462
20260822T230047Z-ifnd_neural_random_stratified_v1_s87-ffdbb0a0,ifnd_neural_random_stratified_v1_s87,random_stratified,fnn,test,87,macro_f1,0.9511329137653199
20260822T230047Z-ifnd_neural_random_stratified_v1_s87-ffdbb0a0,ifnd_neural_random_stratified_v1_s87,random_stratified,fnn,test,87,weighted_f1,0.9573697943622013
20260822T230047Z-ifnd_neural_random_stratified_v1_s87-ffdbb0a0,ifnd_neural_random_stratified_v1_s87,random_stratified,fnn,test,87,brier_score,0.03460825393515385
20260822T230047Z-ifnd_neural_random_stratified_v1_s87-ffdbb0a0,ifnd_neural_random_stratified_v1_s87,random_stratified,fnn,test,87,log_loss,0.13043374121246448
20260822T230047Z-ifnd_neural_random_stratified_v1_s87-ffdbb0a0,ifnd_neural_random_stratified_v1_s87,random_stratified,fnn,test,87,ece_10,0.024564604901805075
20260822T230047Z-ifnd_neural_random_stratified_v1_s87-ffdbb0a0,ifnd_neural_random_stratified_v1_s87,random_stratified,fnn,test,87,true_negatives,2465.0
20260822T230047Z-ifnd_neural_random_stratified_v1_s87-ffdbb0a0,ifnd_neural_random_stratified_v1_s87,random_stratified,fnn,test,87,false_positives,199.0
20260822T230047Z-ifnd_neural_random_stratified_v1_s87-ffdbb0a0,ifnd_neural_random_stratified_v1_s87,random_stratified,fnn,test,87,false_negatives,152.0
20260822T230047Z-ifnd_neural_random_stratified_v1_s87-ffdbb0a0,ifnd_neural_random_stratified_v1_s87,random_stratified,fnn,test,87,true_positives,5437.0
20260822T230047Z-ifnd_neural_random_stratified_v1_s87-ffdbb0a0,ifnd_neural_random_stratified_v1_s87,random_stratified,cnn,validation,87,n,8253.0
20260822T230047Z-ifnd_neural_random_stratified_v1_s87-ffdbb0a0,ifnd_neural_random_stratified_v1_s87,random_stratified,cnn,validation,87,accuracy,0.9640130861504908
20260822T230047Z-ifnd_neural_random_stratified_v1_s87-ffdbb0a0,ifnd_neural_random_stratified_v1_s87,random_stratified,cnn,validation,87,balanced_accuracy,0.9525077613845729
20260822T230047Z-ifnd_neural_random_stratified_v1_s87-ffdbb0a0,ifnd_neural_random_stratified_v1_s87,random_stratified,cnn,validation,87,macro_precision,0.9648065591684931
20260822T230047Z-ifnd_neural_random_stratified_v1_s87-ffdbb0a0,ifnd_neural_random_stratified_v1_s87,random_stratified,cnn,validation,87,macro_recall,0.9525077613845729
20260822T230047Z-ifnd_neural_random_stratified_v1_s87-ffdbb0a0,ifnd_neural_random_stratified_v1_s87,random_stratified,cnn,validation,87,macro_f1,0.9583033576216338
20260822T230047Z-ifnd_neural_random_stratified_v1_s87-ffdbb0a0,ifnd_neural_random_stratified_v1_s87,random_stratified,cnn,validation,87,weighted_f1,0.9637719090122384
20260822T230047Z-ifnd_neural_random_stratified_v1_s87-ffdbb0a0,ifnd_neural_random_stratified_v1_s87,random_stratified,cnn,validation,87,brier_score,0.03016358551456695
20260822T230047Z-ifnd_neural_random_stratified_v1_s87-ffdbb0a0,ifnd_neural_random_stratified_v1_s87,random_stratified,cnn,validation,87,log_loss,0.11862149545924572
20260822T230047Z-ifnd_neural_random_stratified_v1_s87-ffdbb0a0,ifnd_neural_random_stratified_v1_s87,random_stratified,cnn,validation,87,ece_10,0.005169991687440346
20260822T230047Z-ifnd_neural_random_stratified_v1_s87-ffdbb0a0,ifnd_neural_random_stratified_v1_s87,random_stratified,cnn,validation,87,true_negatives,2451.0
20260822T230047Z-ifnd_neural_random_stratified_v1_s87-ffdbb0a0,ifnd_neural_random_stratified_v1_s87,random_stratified,cnn,validation,87,false_positives,213.0
20260822T230047Z-ifnd_neural_random_stratified_v1_s87-ffdbb0a0,ifnd_neural_random_stratified_v1_s87,random_stratified,cnn,validation,87,false_negatives,84.0
20260822T230047Z-ifnd_neural_random_stratified_v1_s87-ffdbb0a0,ifnd_neural_random_stratified_v1_s87,random_stratified,cnn,validation,87,true_positives,5505.0
20260822T230047Z-ifnd_neural_random_stratified_v1_s87-ffdbb0a0,ifnd_neural_random_stratified_v1_s87,random_stratified,cnn,test,87,n,8253.0
20260822T230047Z-ifnd_neural_random_stratified_v1_s87-ffdbb0a0,ifnd_neural_random_stratified_v1_s87,random_stratified,cnn,test,87,accuracy,0.9635284139100933
20260822T230047Z-ifnd_neural_random_stratified_v1_s87-ffdbb0a0,ifnd_neural_random_stratified_v1_s87,random_stratified,cnn,test,87,balanced_accuracy,0.9517570106338222
20260822T230047Z-ifnd_neural_random_stratified_v1_s87-ffdbb0a0,ifnd_neural_random_stratified_v1_s87,random_stratified,cnn,test,87,macro_precision,0.9644438670378948
20260822T230047Z-ifnd_neural_random_stratified_v1_s87-ffdbb0a0,ifnd_neural_random_stratified_v1_s87,random_stratified,cnn,test,87,macro_recall,0.9517570106338222
20260822T230047Z-ifnd_neural_random_stratified_v1_s87-ffdbb0a0,ifnd_neural_random_stratified_v1_s87,random_stratified,cnn,test,87,macro_f1,0.9577242046951663
20260822T230047Z-ifnd_neural_random_stratified_v1_s87-ffdbb0a0,ifnd_neural_random_stratified_v1_s87,random_stratified,cnn,test,87,weighted_f1,0.9632759744641857
20260822T230047Z-ifnd_neural_random_stratified_v1_s87-ffdbb0a0,ifnd_neural_random_stratified_v1_s87,random_stratified,cnn,test,87,brier_score,0.02913218268040801
20260822T230047Z-ifnd_neural_random_stratified_v1_s87-ffdbb0a0,ifnd_neural_random_stratified_v1_s87,random_stratified,cnn,test,87,log_loss,0.11098831634794944
20260822T230047Z-ifnd_neural_random_stratified_v1_s87-ffdbb0a0,ifnd_neural_random_stratified_v1_s87,random_stratified,cnn,test,87,ece_10,0.0036045829158590356
20260822T230047Z-ifnd_neural_random_stratified_v1_s87-ffdbb0a0,ifnd_neural_random_stratified_v1_s87,random_stratified,cnn,test,87,true_negatives,2447.0
20260822T230047Z-ifnd_neural_random_stratified_v1_s87-ffdbb0a0,ifnd_neural_random_stratified_v1_s87,random_stratified,cnn,test,87,false_positives,217.0
20260822T230047Z-ifnd_neural_random_stratified_v1_s87-ffdbb0a0,ifnd_neural_random_stratified_v1_s87,random_stratified,cnn,test,87,false_negatives,84.0
20260822T230047Z-ifnd_neural_random_stratified_v1_s87-ffdbb0a0,ifnd_neural_random_stratified_v1_s87,random_stratified,cnn,test,87,true_positives,5505.0
20260822T230047Z-ifnd_neural_random_stratified_v1_s87-ffdbb0a0,ifnd_neural_random_stratified_v1_s87,random_stratified,lstm,validation,87,n,8253.0
20260822T230047Z-ifnd_neural_random_stratified_v1_s87-ffdbb0a0,ifnd_neural_random_stratified_v1_s87,random_stratified,lstm,validation,87,accuracy,0.9601357082273113
20260822T230047Z-ifnd_neural_random_stratified_v1_s87-ffdbb0a0,ifnd_neural_random_stratified_v1_s87,random_stratified,lstm,validation,87,balanced_accuracy,0.9465017553785671
20260822T230047Z-ifnd_neural_random_stratified_v1_s87-ffdbb0a0,ifnd_neural_random_stratified_v1_s87,random_stratified,lstm,validation,87,macro_precision,0.9619157880109086
20260822T230047Z-ifnd_neural_random_stratified_v1_s87-ffdbb0a0,ifnd_neural_random_stratified_v1_s87,random_stratified,lstm,validation,87,macro_recall,0.9465017553785671
20260822T230047Z-ifnd_neural_random_stratified_v1_s87-ffdbb0a0,ifnd_neural_random_stratified_v1_s87,random_stratified,lstm,validation,87,macro_f1,0.953655892144093
20260822T230047Z-ifnd_neural_random_stratified_v1_s87-ffdbb0a0,ifnd_neural_random_stratified_v1_s87,random_stratified,lstm,validation,87,weighted_f1,0.9597976491251083
20260822T230047Z-ifnd_neural_random_stratified_v1_s87-ffdbb0a0,ifnd_neural_random_stratified_v1_s87,random_stratified,lstm,validation,87,brier_score,0.033410258079673766
20260822T230047Z-ifnd_neural_random_stratified_v1_s87-ffdbb0a0,ifnd_neural_random_stratified_v1_s87,random_stratified,lstm,validation,87,log_loss,0.13565382650021246
20260822T230047Z-ifnd_neural_random_stratified_v1_s87-ffdbb0a0,ifnd_neural_random_stratified_v1_s87,random_stratified,lstm,validation,87,ece_10,0.01748465427937531
20260822T230047Z-ifnd_neural_random_stratified_v1_s87-ffdbb0a0,ifnd_neural_random_stratified_v1_s87,random_stratified,lstm,validation,87,true_negatives,2419.0
20260822T230047Z-ifnd_neural_random_stratified_v1_s87-ffdbb0a0,ifnd_neural_random_stratified_v1_s87,random_stratified,lstm,validation,87,false_positives,245.0
20260822T230047Z-ifnd_neural_random_stratified_v1_s87-ffdbb0a0,ifnd_neural_random_stratified_v1_s87,random_stratified,lstm,validation,87,false_negatives,84.0
20260822T230047Z-ifnd_neural_random_stratified_v1_s87-ffdbb0a0,ifnd_neural_random_stratified_v1_s87,random_stratified,lstm,validation,87,true_positives,5505.0
20260822T230047Z-ifnd_neural_random_stratified_v1_s87-ffdbb0a0,ifnd_neural_random_stratified_v1_s87,random_stratified,lstm,test,87,n,8253.0
20260822T230047Z-ifnd_neural_random_stratified_v1_s87-ffdbb0a0,ifnd_neural_random_stratified_v1_s87,random_stratified,lstm,test,87,accuracy,0.9629225736095965
20260822T230047Z-ifnd_neural_random_stratified_v1_s87-ffdbb0a0,ifnd_neural_random_stratified_v1_s87,random_stratified,lstm,test,87,balanced_accuracy,0.9507203459498146
20260822T230047Z-ifnd_neural_random_stratified_v1_s87-ffdbb0a0,ifnd_neural_random_stratified_v1_s87,random_stratified,lstm,test,87,macro_precision,0.9640954603306944
20260822T230047Z-ifnd_neural_random_stratified_v1_s87-ffdbb0a0,ifnd_neural_random_stratified_v1_s87,random_stratified,lstm,test,87,macro_recall,0.9507203459498146
20260822T230047Z-ifnd_neural_random_stratified_v1_s87-ffdbb0a0,ifnd_neural_random_stratified_v1_s87,random_stratified,lstm,test,87,macro_f1,0.956990577164833
20260822T230047Z-ifnd_neural_random_stratified_v1_s87-ffdbb0a0,ifnd_neural_random_stratified_v1_s87,random_stratified,lstm,test,87,weighted_f1,0.9626516178176661
20260822T230047Z-ifnd_neural_random_stratified_v1_s87-ffdbb0a0,ifnd_neural_random_stratified_v1_s87,random_stratified,lstm,test,87,brier_score,0.03077080480446226
20260822T230047Z-ifnd_neural_random_stratified_v1_s87-ffdbb0a0,ifnd_neural_random_stratified_v1_s87,random_stratified,lstm,test,87,log_loss,0.1235972725662956
20260822T230047Z-ifnd_neural_random_stratified_v1_s87-ffdbb0a0,ifnd_neural_random_stratified_v1_s87,random_stratified,lstm,test,87,ece_10,0.015551437458328746
20260822T230047Z-ifnd_neural_random_stratified_v1_s87-ffdbb0a0,ifnd_neural_random_stratified_v1_s87,random_stratified,lstm,test,87,true_negatives,2441.0
20260822T230047Z-ifnd_neural_random_stratified_v1_s87-ffdbb0a0,ifnd_neural_random_stratified_v1_s87,random_stratified,lstm,test,87,false_positives,223.0
20260822T230047Z-ifnd_neural_random_stratified_v1_s87-ffdbb0a0,ifnd_neural_random_stratified_v1_s87,random_stratified,lstm,test,87,false_negatives,83.0
20260822T230047Z-ifnd_neural_random_stratified_v1_s87-ffdbb0a0,ifnd_neural_random_stratified_v1_s87,random_stratified,lstm,test,87,true_positives,5506.0
20260822T230047Z-ifnd_neural_random_stratified_v1_s87-ffdbb0a0,ifnd_neural_random_stratified_v1_s87,random_stratified,bert_tiny,validation,87,n,8253.0
20260822T230047Z-ifnd_neural_random_stratified_v1_s87-ffdbb0a0,ifnd_neural_random_stratified_v1_s87,random_stratified,bert_tiny,validation,87,accuracy,0.9711620016963528
20260822T230047Z-ifnd_neural_random_stratified_v1_s87-ffdbb0a0,ifnd_neural_random_stratified_v1_s87,random_stratified,bert_tiny,validation,87,balanced_accuracy,0.9643671449227005
20260822T230047Z-ifnd_neural_random_stratified_v1_s87-ffdbb0a0,ifnd_neural_random_stratified_v1_s87,random_stratified,bert_tiny,validation,87,macro_precision,0.9694390975697691
20260822T230047Z-ifnd_neural_random_stratified_v1_s87-ffdbb0a0,ifnd_neural_random_stratified_v1_s87,random_stratified,bert_tiny,validation,87,macro_recall,0.9643671449227005
20260822T230047Z-ifnd_neural_random_stratified_v1_s87-ffdbb0a0,ifnd_neural_random_stratified_v1_s87,random_stratified,bert_tiny,validation,87,macro_f1,0.9668417515047207
20260822T230047Z-ifnd_neural_random_stratified_v1_s87-ffdbb0a0,ifnd_neural_random_stratified_v1_s87,random_stratified,bert_tiny,validation,87,weighted_f1,0.9710836890040574
20260822T230047Z-ifnd_neural_random_stratified_v1_s87-ffdbb0a0,ifnd_neural_random_stratified_v1_s87,random_stratified,bert_tiny,validation,87,brier_score,0.02448873684076973
20260822T230047Z-ifnd_neural_random_stratified_v1_s87-ffdbb0a0,ifnd_neural_random_stratified_v1_s87,random_stratified,bert_tiny,validation,87,log_loss,0.10200194881509973
20260822T230047Z-ifnd_neural_random_stratified_v1_s87-ffdbb0a0,ifnd_neural_random_stratified_v1_s87,random_stratified,bert_tiny,validation,87,ece_10,0.004620684319031688
20260822T230047Z-ifnd_neural_random_stratified_v1_s87-ffdbb0a0,ifnd_neural_random_stratified_v1_s87,random_stratified,bert_tiny,validation,87,true_negatives,2518.0
20260822T230047Z-ifnd_neural_random_stratified_v1_s87-ffdbb0a0,ifnd_neural_random_stratified_v1_s87,random_stratified,bert_tiny,validation,87,false_positives,146.0
20260822T230047Z-ifnd_neural_random_stratified_v1_s87-ffdbb0a0,ifnd_neural_random_stratified_v1_s87,random_stratified,bert_tiny,validation,87,false_negatives,92.0
20260822T230047Z-ifnd_neural_random_stratified_v1_s87-ffdbb0a0,ifnd_neural_random_stratified_v1_s87,random_stratified,bert_tiny,validation,87,true_positives,5497.0
20260822T230047Z-ifnd_neural_random_stratified_v1_s87-ffdbb0a0,ifnd_neural_random_stratified_v1_s87,random_stratified,bert_tiny,test,87,n,8253.0
20260822T230047Z-ifnd_neural_random_stratified_v1_s87-ffdbb0a0,ifnd_neural_random_stratified_v1_s87,random_stratified,bert_tiny,test,87,accuracy,0.9732218587180419
20260822T230047Z-ifnd_neural_random_stratified_v1_s87-ffdbb0a0,ifnd_neural_random_stratified_v1_s87,random_stratified,bert_tiny,test,87,balanced_accuracy,0.9673613831222527
20260822T230047Z-ifnd_neural_random_stratified_v1_s87-ffdbb0a0,ifnd_neural_random_stratified_v1_s87,random_stratified,bert_tiny,test,87,macro_precision,0.9712099686541179
20260822T230047Z-ifnd_neural_random_stratified_v1_s87-ffdbb0a0,ifnd_neural_random_stratified_v1_s87,random_stratified,bert_tiny,test,87,macro_recall,0.9673613831222527
20260822T230047Z-ifnd_neural_random_stratified_v1_s87-ffdbb0a0,ifnd_neural_random_stratified_v1_s87,random_stratified,bert_tiny,test,87,macro_f1,0.969250315768295
20260822T230047Z-ifnd_neural_random_stratified_v1_s87-ffdbb0a0,ifnd_neural_random_stratified_v1_s87,random_stratified,bert_tiny,test,87,weighted_f1,0.9731669587649268
20260822T230047Z-ifnd_neural_random_stratified_v1_s87-ffdbb0a0,ifnd_neural_random_stratified_v1_s87,random_stratified,bert_tiny,test,87,brier_score,0.023340820394566135
20260822T230047Z-ifnd_neural_random_stratified_v1_s87-ffdbb0a0,ifnd_neural_random_stratified_v1_s87,random_stratified,bert_tiny,test,87,log_loss,0.09982424660245905
20260822T230047Z-ifnd_neural_random_stratified_v1_s87-ffdbb0a0,ifnd_neural_random_stratified_v1_s87,random_stratified,bert_tiny,test,87,ece_10,0.005240005544490233
20260822T230047Z-ifnd_neural_random_stratified_v1_s87-ffdbb0a0,ifnd_neural_random_stratified_v1_s87,random_stratified,bert_tiny,test,87,true_negatives,2533.0
20260822T230047Z-ifnd_neural_random_stratified_v1_s87-ffdbb0a0,ifnd_neural_random_stratified_v1_s87,random_stratified,bert_tiny,test,87,false_positives,131.0
20260822T230047Z-ifnd_neural_random_stratified_v1_s87-ffdbb0a0,ifnd_neural_random_stratified_v1_s87,random_stratified,bert_tiny,test,87,false_negatives,90.0
20260822T230047Z-ifnd_neural_random_stratified_v1_s87-ffdbb0a0,ifnd_neural_random_stratified_v1_s87,random_stratified,bert_tiny,test,87,true_positives,5499.0
20260822T231232Z-ifnd_neural_source_disjoint_v1_s87-15bf8cc9,ifnd_neural_source_disjoint_v1_s87,source_disjoint,fnn,validation,87,n,7327.0
20260822T231232Z-ifnd_neural_source_disjoint_v1_s87-15bf8cc9,ifnd_neural_source_disjoint_v1_s87,source_disjoint,fnn,validation,87,accuracy,0.9421318411355262
20260822T231232Z-ifnd_neural_source_disjoint_v1_s87-15bf8cc9,ifnd_neural_source_disjoint_v1_s87,source_disjoint,fnn,validation,87,balanced_accuracy,0.9356476771787046
20260822T231232Z-ifnd_neural_source_disjoint_v1_s87-15bf8cc9,ifnd_neural_source_disjoint_v1_s87,source_disjoint,fnn,validation,87,macro_precision,0.9336510864127496
20260822T231232Z-ifnd_neural_source_disjoint_v1_s87-15bf8cc9,ifnd_neural_source_disjoint_v1_s87,source_disjoint,fnn,validation,87,macro_recall,0.9356476771787046
20260822T231232Z-ifnd_neural_source_disjoint_v1_s87-15bf8cc9,ifnd_neural_source_disjoint_v1_s87,source_disjoint,fnn,validation,87,macro_f1,0.9346375712903597
20260822T231232Z-ifnd_neural_source_disjoint_v1_s87-15bf8cc9,ifnd_neural_source_disjoint_v1_s87,source_disjoint,fnn,validation,87,weighted_f1,0.9421982957653503
20260822T231232Z-ifnd_neural_source_disjoint_v1_s87-15bf8cc9,ifnd_neural_source_disjoint_v1_s87,source_disjoint,fnn,validation,87,brier_score,0.04640335036947059
20260822T231232Z-ifnd_neural_source_disjoint_v1_s87-15bf8cc9,ifnd_neural_source_disjoint_v1_s87,source_disjoint,fnn,validation,87,log_loss,0.17926995406101934
20260822T231232Z-ifnd_neural_source_disjoint_v1_s87-15bf8cc9,ifnd_neural_source_disjoint_v1_s87,source_disjoint,fnn,validation,87,ece_10,0.04083671064893706
20260822T231232Z-ifnd_neural_source_disjoint_v1_s87-15bf8cc9,ifnd_neural_source_disjoint_v1_s87,source_disjoint,fnn,validation,87,true_negatives,2211.0
20260822T231232Z-ifnd_neural_source_disjoint_v1_s87-15bf8cc9,ifnd_neural_source_disjoint_v1_s87,source_disjoint,fnn,validation,87,false_positives,201.0
20260822T231232Z-ifnd_neural_source_disjoint_v1_s87-15bf8cc9,ifnd_neural_source_disjoint_v1_s87,source_disjoint,fnn,validation,87,false_negatives,223.0
20260822T231232Z-ifnd_neural_source_disjoint_v1_s87-15bf8cc9,ifnd_neural_source_disjoint_v1_s87,source_disjoint,fnn,validation,87,true_positives,4692.0
20260822T231232Z-ifnd_neural_source_disjoint_v1_s87-15bf8cc9,ifnd_neural_source_disjoint_v1_s87,source_disjoint,fnn,test,87,n,7180.0
20260822T231232Z-ifnd_neural_source_disjoint_v1_s87-15bf8cc9,ifnd_neural_source_disjoint_v1_s87,source_disjoint,fnn,test,87,accuracy,0.9501392757660168
20260822T231232Z-ifnd_neural_source_disjoint_v1_s87-15bf8cc9,ifnd_neural_source_disjoint_v1_s87,source_disjoint,fnn,test,87,balanced_accuracy,0.9540350361156966
20260822T231232Z-ifnd_neural_source_disjoint_v1_s87-15bf8cc9,ifnd_neural_source_disjoint_v1_s87,source_disjoint,fnn,test,87,macro_precision,0.9361483402578124
20260822T231232Z-ifnd_neural_source_disjoint_v1_s87-15bf8cc9,ifnd_neural_source_disjoint_v1_s87,source_disjoint,fnn,test,87,macro_recall,0.9540350361156966
20260822T231232Z-ifnd_neural_source_disjoint_v1_s87-15bf8cc9,ifnd_neural_source_disjoint_v1_s87,source_disjoint,fnn,test,87,macro_f1,0.9441228908589046
20260822T231232Z-ifnd_neural_source_disjoint_v1_s87-15bf8cc9,ifnd_neural_source_disjoint_v1_s87,source_disjoint,fnn,test,87,weighted_f1,0.9506397899603265
20260822T231232Z-ifnd_neural_source_disjoint_v1_s87-15bf8cc9,ifnd_neural_source_disjoint_v1_s87,source_disjoint,fnn,test,87,brier_score,0.03801891099135956
20260822T231232Z-ifnd_neural_source_disjoint_v1_s87-15bf8cc9,ifnd_neural_source_disjoint_v1_s87,source_disjoint,fnn,test,87,log_loss,0.14101690252619542
20260822T231232Z-ifnd_neural_source_disjoint_v1_s87-15bf8cc9,ifnd_neural_source_disjoint_v1_s87,source_disjoint,fnn,test,87,ece_10,0.06003809812437858
20260822T231232Z-ifnd_neural_source_disjoint_v1_s87-15bf8cc9,ifnd_neural_source_disjoint_v1_s87,source_disjoint,fnn,test,87,true_negatives,2233.0
20260822T231232Z-ifnd_neural_source_disjoint_v1_s87-15bf8cc9,ifnd_neural_source_disjoint_v1_s87,source_disjoint,fnn,test,87,false_positives,81.0
20260822T231232Z-ifnd_neural_source_disjoint_v1_s87-15bf8cc9,ifnd_neural_source_disjoint_v1_s87,source_disjoint,fnn,test,87,false_negatives,277.0
20260822T231232Z-ifnd_neural_source_disjoint_v1_s87-15bf8cc9,ifnd_neural_source_disjoint_v1_s87,source_disjoint,fnn,test,87,true_positives,4589.0
20260822T231232Z-ifnd_neural_source_disjoint_v1_s87-15bf8cc9,ifnd_neural_source_disjoint_v1_s87,source_disjoint,cnn,validation,87,n,7327.0
20260822T231232Z-ifnd_neural_source_disjoint_v1_s87-15bf8cc9,ifnd_neural_source_disjoint_v1_s87,source_disjoint,cnn,validation,87,accuracy,0.9567353623584004
20260822T231232Z-ifnd_neural_source_disjoint_v1_s87-15bf8cc9,ifnd_neural_source_disjoint_v1_s87,source_disjoint,cnn,validation,87,balanced_accuracy,0.949383044087801
20260822T231232Z-ifnd_neural_source_disjoint_v1_s87-15bf8cc9,ifnd_neural_source_disjoint_v1_s87,source_disjoint,cnn,validation,87,macro_precision,0.9523806288936898
20260822T231232Z-ifnd_neural_source_disjoint_v1_s87-15bf8cc9,ifnd_neural_source_disjoint_v1_s87,source_disjoint,cnn,validation,87,macro_recall,0.949383044087801
20260822T231232Z-ifnd_neural_source_disjoint_v1_s87-15bf8cc9,ifnd_neural_source_disjoint_v1_s87,source_disjoint,cnn,validation,87,macro_f1,0.9508575204099765
20260822T231232Z-ifnd_neural_source_disjoint_v1_s87-15bf8cc9,ifnd_neural_source_disjoint_v1_s87,source_disjoint,cnn,validation,87,weighted_f1,0.9566634550575318
20260822T231232Z-ifnd_neural_source_disjoint_v1_s87-15bf8cc9,ifnd_neural_source_disjoint_v1_s87,source_disjoint,cnn,validation,87,brier_score,0.036794072381577184
20260822T231232Z-ifnd_neural_source_disjoint_v1_s87-15bf8cc9,ifnd_neural_source_disjoint_v1_s87,source_disjoint,cnn,validation,87,log_loss,0.14896487216029833
20260822T231232Z-ifnd_neural_source_disjoint_v1_s87-15bf8cc9,ifnd_neural_source_disjoint_v1_s87,source_disjoint,cnn,validation,87,ece_10,0.0314866681756885
20260822T231232Z-ifnd_neural_source_disjoint_v1_s87-15bf8cc9,ifnd_neural_source_disjoint_v1_s87,source_disjoint,cnn,validation,87,true_negatives,2238.0
20260822T231232Z-ifnd_neural_source_disjoint_v1_s87-15bf8cc9,ifnd_neural_source_disjoint_v1_s87,source_disjoint,cnn,validation,87,false_positives,174.0
20260822T231232Z-ifnd_neural_source_disjoint_v1_s87-15bf8cc9,ifnd_neural_source_disjoint_v1_s87,source_disjoint,cnn,validation,87,false_negatives,143.0
20260822T231232Z-ifnd_neural_source_disjoint_v1_s87-15bf8cc9,ifnd_neural_source_disjoint_v1_s87,source_disjoint,cnn,validation,87,true_positives,4772.0
20260822T231232Z-ifnd_neural_source_disjoint_v1_s87-15bf8cc9,ifnd_neural_source_disjoint_v1_s87,source_disjoint,cnn,test,87,n,7180.0
20260822T231232Z-ifnd_neural_source_disjoint_v1_s87-15bf8cc9,ifnd_neural_source_disjoint_v1_s87,source_disjoint,cnn,test,87,accuracy,0.955849582172702
20260822T231232Z-ifnd_neural_source_disjoint_v1_s87-15bf8cc9,ifnd_neural_source_disjoint_v1_s87,source_disjoint,cnn,test,87,balanced_accuracy,0.9562081413693378
20260822T231232Z-ifnd_neural_source_disjoint_v1_s87-15bf8cc9,ifnd_neural_source_disjoint_v1_s87,source_disjoint,cnn,test,87,macro_precision,0.9447717038671362
20260822T231232Z-ifnd_neural_source_disjoint_v1_s87-15bf8cc9,ifnd_neural_source_disjoint_v1_s87,source_disjoint,cnn,test,87,macro_recall,0.9562081413693378
20260822T231232Z-ifnd_neural_source_disjoint_v1_s87-15bf8cc9,ifnd_neural_source_disjoint_v1_s87,source_disjoint,cnn,test,87,macro_f1,0.9501224017902342
20260822T231232Z-ifnd_neural_source_disjoint_v1_s87-15bf8cc9,ifnd_neural_source_disjoint_v1_s87,source_disjoint,cnn,test,87,weighted_f1,0.9561297032025061
20260822T231232Z-ifnd_neural_source_disjoint_v1_s87-15bf8cc9,ifnd_neural_source_disjoint_v1_s87,source_disjoint,cnn,test,87,brier_score,0.03512898880194594
20260822T231232Z-ifnd_neural_source_disjoint_v1_s87-15bf8cc9,ifnd_neural_source_disjoint_v1_s87,source_disjoint,cnn,test,87,log_loss,0.13061712982938797
20260822T231232Z-ifnd_neural_source_disjoint_v1_s87-15bf8cc9,ifnd_neural_source_disjoint_v1_s87,source_disjoint,cnn,test,87,ece_10,0.055474843926951484
20260822T231232Z-ifnd_neural_source_disjoint_v1_s87-15bf8cc9,ifnd_neural_source_disjoint_v1_s87,source_disjoint,cnn,test,87,true_negatives,2215.0
20260822T231232Z-ifnd_neural_source_disjoint_v1_s87-15bf8cc9,ifnd_neural_source_disjoint_v1_s87,source_disjoint,cnn,test,87,false_positives,99.0
20260822T231232Z-ifnd_neural_source_disjoint_v1_s87-15bf8cc9,ifnd_neural_source_disjoint_v1_s87,source_disjoint,cnn,test,87,false_negatives,218.0
20260822T231232Z-ifnd_neural_source_disjoint_v1_s87-15bf8cc9,ifnd_neural_source_disjoint_v1_s87,source_disjoint,cnn,test,87,true_positives,4648.0
20260822T231232Z-ifnd_neural_source_disjoint_v1_s87-15bf8cc9,ifnd_neural_source_disjoint_v1_s87,source_disjoint,lstm,validation,87,n,7327.0
20260822T231232Z-ifnd_neural_source_disjoint_v1_s87-15bf8cc9,ifnd_neural_source_disjoint_v1_s87,source_disjoint,lstm,validation,87,accuracy,0.9515490651016787
20260822T231232Z-ifnd_neural_source_disjoint_v1_s87-15bf8cc9,ifnd_neural_source_disjoint_v1_s87,source_disjoint,lstm,validation,87,balanced_accuracy,0.9418224661703352
20260822T231232Z-ifnd_neural_source_disjoint_v1_s87-15bf8cc9,ifnd_neural_source_disjoint_v1_s87,source_disjoint,lstm,validation,87,macro_precision,0.9479305795222264
20260822T231232Z-ifnd_neural_source_disjoint_v1_s87-15bf8cc9,ifnd_neural_source_disjoint_v1_s87,source_disjoint,lstm,validation,87,macro_recall,0.9418224661703352
20260822T231232Z-ifnd_neural_source_disjoint_v1_s87-15bf8cc9,ifnd_neural_source_disjoint_v1_s87,source_disjoint,lstm,validation,87,macro_f1,0.9447759372269209
20260822T231232Z-ifnd_neural_source_disjoint_v1_s87-15bf8cc9,ifnd_neural_source_disjoint_v1_s87,source_disjoint,lstm,validation,87,weighted_f1,0.9513827724063906
20260822T231232Z-ifnd_neural_source_disjoint_v1_s87-15bf8cc9,ifnd_neural_source_disjoint_v1_s87,source_disjoint,lstm,validation,87,brier_score,0.0410583133349258
20260822T231232Z-ifnd_neural_source_disjoint_v1_s87-15bf8cc9,ifnd_neural_source_disjoint_v1_s87,source_disjoint,lstm,validation,87,log_loss,0.16181529454182556
20260822T231232Z-ifnd_neural_source_disjoint_v1_s87-15bf8cc9,ifnd_neural_source_disjoint_v1_s87,source_disjoint,lstm,validation,87,ece_10,0.034204852716437396
20260822T231232Z-ifnd_neural_source_disjoint_v1_s87-15bf8cc9,ifnd_neural_source_disjoint_v1_s87,source_disjoint,lstm,validation,87,true_negatives,2203.0
20260822T231232Z-ifnd_neural_source_disjoint_v1_s87-15bf8cc9,ifnd_neural_source_disjoint_v1_s87,source_disjoint,lstm,validation,87,false_positives,209.0
20260822T231232Z-ifnd_neural_source_disjoint_v1_s87-15bf8cc9,ifnd_neural_source_disjoint_v1_s87,source_disjoint,lstm,validation,87,false_negatives,146.0
20260822T231232Z-ifnd_neural_source_disjoint_v1_s87-15bf8cc9,ifnd_neural_source_disjoint_v1_s87,source_disjoint,lstm,validation,87,true_positives,4769.0
20260822T231232Z-ifnd_neural_source_disjoint_v1_s87-15bf8cc9,ifnd_neural_source_disjoint_v1_s87,source_disjoint,lstm,test,87,n,7180.0
20260822T231232Z-ifnd_neural_source_disjoint_v1_s87-15bf8cc9,ifnd_neural_source_disjoint_v1_s87,source_disjoint,lstm,test,87,accuracy,0.9455431754874651
20260822T231232Z-ifnd_neural_source_disjoint_v1_s87-15bf8cc9,ifnd_neural_source_disjoint_v1_s87,source_disjoint,lstm,test,87,balanced_accuracy,0.9491709713138383
20260822T231232Z-ifnd_neural_source_disjoint_v1_s87-15bf8cc9,ifnd_neural_source_disjoint_v1_s87,source_disjoint,lstm,test,87,macro_precision,0.9309218438359239
20260822T231232Z-ifnd_neural_source_disjoint_v1_s87-15bf8cc9,ifnd_neural_source_disjoint_v1_s87,source_disjoint,lstm,test,87,macro_recall,0.9491709713138383
20260822T231232Z-ifnd_neural_source_disjoint_v1_s87-15bf8cc9,ifnd_neural_source_disjoint_v1_s87,source_disjoint,lstm,test,87,macro_f1,0.9390158693464452
20260822T231232Z-ifnd_neural_source_disjoint_v1_s87-15bf8cc9,ifnd_neural_source_disjoint_v1_s87,source_disjoint,lstm,test,87,weighted_f1,0.9461072636724915
20260822T231232Z-ifnd_neural_source_disjoint_v1_s87-15bf8cc9,ifnd_neural_source_disjoint_v1_s87,source_disjoint,lstm,test,87,brier_score,0.04261567362514685
20260822T231232Z-ifnd_neural_source_disjoint_v1_s87-15bf8cc9,ifnd_neural_source_disjoint_v1_s87,source_disjoint,lstm,test,87,log_loss,0.15556849889728103
20260822T231232Z-ifnd_neural_source_disjoint_v1_s87-15bf8cc9,ifnd_neural_source_disjoint_v1_s87,source_disjoint,lstm,test,87,ece_10,0.07093965589508797
20260822T231232Z-ifnd_neural_source_disjoint_v1_s87-15bf8cc9,ifnd_neural_source_disjoint_v1_s87,source_disjoint,lstm,test,87,true_negatives,2220.0
20260822T231232Z-ifnd_neural_source_disjoint_v1_s87-15bf8cc9,ifnd_neural_source_disjoint_v1_s87,source_disjoint,lstm,test,87,false_positives,94.0
20260822T231232Z-ifnd_neural_source_disjoint_v1_s87-15bf8cc9,ifnd_neural_source_disjoint_v1_s87,source_disjoint,lstm,test,87,false_negatives,297.0
20260822T231232Z-ifnd_neural_source_disjoint_v1_s87-15bf8cc9,ifnd_neural_source_disjoint_v1_s87,source_disjoint,lstm,test,87,true_positives,4569.0
20260822T231232Z-ifnd_neural_source_disjoint_v1_s87-15bf8cc9,ifnd_neural_source_disjoint_v1_s87,source_disjoint,bert_tiny,validation,87,n,7327.0
20260822T231232Z-ifnd_neural_source_disjoint_v1_s87-15bf8cc9,ifnd_neural_source_disjoint_v1_s87,source_disjoint,bert_tiny,validation,87,accuracy,0.9735225876893681
20260822T231232Z-ifnd_neural_source_disjoint_v1_s87-15bf8cc9,ifnd_neural_source_disjoint_v1_s87,source_disjoint,bert_tiny,validation,87,balanced_accuracy,0.9721358028440368
20260822T231232Z-ifnd_neural_source_disjoint_v1_s87-15bf8cc9,ifnd_neural_source_disjoint_v1_s87,source_disjoint,bert_tiny,validation,87,macro_precision,0.9682444890617811
20260822T231232Z-ifnd_neural_source_disjoint_v1_s87-15bf8cc9,ifnd_neural_source_disjoint_v1_s87,source_disjoint,bert_tiny,validation,87,macro_recall,0.9721358028440368
20260822T231232Z-ifnd_neural_source_disjoint_v1_s87-15bf8cc9,ifnd_neural_source_disjoint_v1_s87,source_disjoint,bert_tiny,validation,87,macro_f1,0.9701494963308424
20260822T231232Z-ifnd_neural_source_disjoint_v1_s87-15bf8cc9,ifnd_neural_source_disjoint_v1_s87,source_disjoint,bert_tiny,validation,87,weighted_f1,0.9735773678981952
20260822T231232Z-ifnd_neural_source_disjoint_v1_s87-15bf8cc9,ifnd_neural_source_disjoint_v1_s87,source_disjoint,bert_tiny,validation,87,brier_score,0.02227727386402264
20260822T231232Z-ifnd_neural_source_disjoint_v1_s87-15bf8cc9,ifnd_neural_source_disjoint_v1_s87,source_disjoint,bert_tiny,validation,87,log_loss,0.09594551548515765
20260822T231232Z-ifnd_neural_source_disjoint_v1_s87-15bf8cc9,ifnd_neural_source_disjoint_v1_s87,source_disjoint,bert_tiny,validation,87,ece_10,0.022563330221311587
20260822T231232Z-ifnd_neural_source_disjoint_v1_s87-15bf8cc9,ifnd_neural_source_disjoint_v1_s87,source_disjoint,bert_tiny,validation,87,true_negatives,2335.0
20260822T231232Z-ifnd_neural_source_disjoint_v1_s87-15bf8cc9,ifnd_neural_source_disjoint_v1_s87,source_disjoint,bert_tiny,validation,87,false_positives,77.0
20260822T231232Z-ifnd_neural_source_disjoint_v1_s87-15bf8cc9,ifnd_neural_source_disjoint_v1_s87,source_disjoint,bert_tiny,validation,87,false_negatives,117.0
20260822T231232Z-ifnd_neural_source_disjoint_v1_s87-15bf8cc9,ifnd_neural_source_disjoint_v1_s87,source_disjoint,bert_tiny,validation,87,true_positives,4798.0
20260822T231232Z-ifnd_neural_source_disjoint_v1_s87-15bf8cc9,ifnd_neural_source_disjoint_v1_s87,source_disjoint,bert_tiny,test,87,n,7180.0
20260822T231232Z-ifnd_neural_source_disjoint_v1_s87-15bf8cc9,ifnd_neural_source_disjoint_v1_s87,source_disjoint,bert_tiny,test,87,accuracy,0.96016713091922
20260822T231232Z-ifnd_neural_source_disjoint_v1_s87-15bf8cc9,ifnd_neural_source_disjoint_v1_s87,source_disjoint,bert_tiny,test,87,balanced_accuracy,0.9666461336683978
20260822T231232Z-ifnd_neural_source_disjoint_v1_s87-15bf8cc9,ifnd_neural_source_disjoint_v1_s87,source_disjoint,bert_tiny,test,87,macro_precision,0.946631816056781
20260822T231232Z-ifnd_neural_source_disjoint_v1_s87-15bf8cc9,ifnd_neural_source_disjoint_v1_s87,source_disjoint,bert_tiny,test,87,macro_recall,0.9666461336683978
20260822T231232Z-ifnd_neural_source_disjoint_v1_s87-15bf8cc9,ifnd_neural_source_disjoint_v1_s87,source_disjoint,bert_tiny,test,87,macro_f1,0.955451620617924
20260822T231232Z-ifnd_neural_source_disjoint_v1_s87-15bf8cc9,ifnd_neural_source_disjoint_v1_s87,source_disjoint,bert_tiny,test,87,weighted_f1,0.9606031541320111
20260822T231232Z-ifnd_neural_source_disjoint_v1_s87-15bf8cc9,ifnd_neural_source_disjoint_v1_s87,source_disjoint,bert_tiny,test,87,brier_score,0.034357399117837806
20260822T231232Z-ifnd_neural_source_disjoint_v1_s87-15bf8cc9,ifnd_neural_source_disjoint_v1_s87,source_disjoint,bert_tiny,test,87,log_loss,0.14073428868846938
20260822T231232Z-ifnd_neural_source_disjoint_v1_s87-15bf8cc9,ifnd_neural_source_disjoint_v1_s87,source_disjoint,bert_tiny,test,87,ece_10,0.04584125310421237
20260822T231232Z-ifnd_neural_source_disjoint_v1_s87-15bf8cc9,ifnd_neural_source_disjoint_v1_s87,source_disjoint,bert_tiny,test,87,true_negatives,2279.0
20260822T231232Z-ifnd_neural_source_disjoint_v1_s87-15bf8cc9,ifnd_neural_source_disjoint_v1_s87,source_disjoint,bert_tiny,test,87,false_positives,35.0
20260822T231232Z-ifnd_neural_source_disjoint_v1_s87-15bf8cc9,ifnd_neural_source_disjoint_v1_s87,source_disjoint,bert_tiny,test,87,false_negatives,251.0
20260822T231232Z-ifnd_neural_source_disjoint_v1_s87-15bf8cc9,ifnd_neural_source_disjoint_v1_s87,source_disjoint,bert_tiny,test,87,true_positives,4615.0
